SEASON	COMPETITION	PLAYER	TEAM	POS	OLD	NEW
1932	World Cup Qualifiers	Heliodoro Medina	RCO	DEF	59	62
1932	World Cup Qualifiers	Axel Berg	LVO	GK	76	78
1932	World Cup Qualifiers	Jesus Halconero	ASK	FWD	80	83
1932	World Cup Qualifiers	Otar Tvalchrelidze	AEK	DEF	56	59
1932	World Cup Qualifiers	Lebogang Du Phiri	ASP	MID	70	72
1932	World Cup Qualifiers	Dhanushkodi Thuraisingam	ARU	FWD	61	63
1932	World Cup Qualifiers	Semyon Volkov	GIA	GK	73	75
1932	World Cup Qualifiers	Jaroslav Navrátil	AKN	MID	60	62
1932	World Cup Qualifiers	Kenji Nagase	NHO	FWD	81	83
1932	World Cup Qualifiers	Victor Tvedt	SKJ	MID	84	85
1932	World Cup Qualifiers	Rosendo Zapatero	AUR	FWD	88	85
1932	World Cup Qualifiers	Harry Caine	ELV	FWD	90	88
1932	World Cup Qualifiers	Wesley Wetherby	ELV	DEF	86	84
1932	World Cup Qualifiers	Neçirvan Barzani	ADV	FWD	87	85
1932	nl1	Takeru Mikado	SPK	MID	85	84
1933	World Cup	Jakub Dvořák	ALE	MID	85	83
1933	World Cup	Valery Polyakov	GIA	FWD	75	77
1933	World Cup	Renzo Agbayani	SGD	GK	72	77
1933	World Cup	Kenichi Mitsui	NCH	FWD	89	90
1933	World Cup	Shō Itoshi	NCH	MID	91	87
1933	World Cup	Luca Higashiyama	NCH	MID	90	89
1933	World Cup	Rui Ōe	NCH	MID	88	87
1933	World Cup	Antoine Bagradian	ARV	MID	89	88
1933	World Cup	Leon Vogel	ESU	FWD	89	88
1933	World Cup	Pau Puigcorbé	ASK	FWD	88	87
1933	World Cup	Alton Begay	CAL	DEF	84	86
1933	World Cup	Takeru Mikado	NCH	MID	84	83
1933	nl1	Rúben Guerreiro	MAK	MID	75	77
1933	nl1	Kalle Vuorijärvi	TOY	DEF	75	77
1933	nl1	Basem Shenouda	SHZ	GK	81	83
1933	nl1	Ryōga Ikarashi	FCH	FWD	78	80
1933	nl1	Trent Hawthorne	ISS	FWD	90	91
1933	nl1	Luca Higashiyama	VIR	MID	89	90
1933	nl1	Rémi Gauthier	NIK	FWD	84	85
1933	nl1	Kazuyoshi Hiranuma	SPK	DEF	82	83
1933	nl1	August Rittenhouse	VIR	MID	81	85
1933	nl1	Nuno Gouveia	SPK	MID	78	79
1933	nl1	Jacinto Valencia	ISS	DEF	77	78
1933	nl1	Akseli Ruotsalainen	TOY	DEF	76	77
1933	nl1	Dānilo Pavlović	SEN	GK	74	75
1933	nl1	Lingyun Hao	NIK	DEF	73	74
1933	nl1	Rikuto Funabashi	SEN	MID	70	71
1933	nl1	Gvidas Rimkevičius	TAK	DEF	70	75
1933	nl1	Sōshi Nagumo	DYM	DEF	78	76
1933	nl1	Shōya Munakata	SSK	MID	80	78
1933	nl1	Yeray Bengoetxea	ISS	MID	88	87
1933	nl1	Makoto Kishima	SSK	MID	86	84
1933	nl1	Konsta Yrjölä	TOY	DEF	85	84
1933	nl1	Neçirvan Barzani	SSK	FWD	85	84
1933	nl1	Tömörbaatar Ganzorig	ORU	DEF	79	78
1933	nl1	Levi Nez	BGE	FWD	79	78
1933	nl1	Tōgo Tanioka	SHZ	FWD	81	80
1933	nl1	Yūma Shindō	ISS	FWD	76	75
1933	nl1	Jun Teshigawara	AYA	FWD	73	79
1933	nl1	Shūhei Ozaki	SHZ	MID	73	72
1932	Club World Cup	Gijs Dreesens	DYM	MID	84	89
1932	Club World Cup	Ivan Dolgorukiy	UKA	GK	79	82
1932	Club World Cup	Beckett Ashworth	GAE	DEF	75	77
1932	Club World Cup	Matthias Noack	HAN	GK	87	88
1932	Club World Cup	Péter Szabó	WIN	MID	88	91
1932	Club World Cup	Vilmos Szilágyi	HAN	FWD	77	79
1932	Club World Cup	Corwin Thistlewood	GAE	MID	74	75
1932	Club World Cup	Antoine Bagradian	LUT	MID	88	82
1932	Club World Cup	Rocco De Luca	OT	MID	87	85
1932	Club World Cup	Renato Fioravanti	WIN	FWD	82	79
1932	Club World Cup	Conor Dale	WIN	MID	84	79
1932	Club World Cup	Wesley Wetherby	STM	DEF	84	82
1934	World Cup	Takeru Mikado	NCH	MID	83	82
1934	nl1	Miltiadis Galanis	VIR	FWD	87	91
1934	nl1	Yerrin Chindura	ISS	MID	80	84
1934	nl1	Trent Hawthorne	ISS	FWD	91	93
1934	nl1	Arnold Bjarnfreðsson	TAK	FWD	79	82
1934	nl1	Hiro Oshiro	DYM	MID	79	82
1934	nl1	Hiromu Furuhashi	SHZ	FWD	78	81
1934	nl1	Kenshirō Unagami	SHZ	DEF	77	80
1934	nl1	Luca Higashiyama	VIR	MID	90	91
1934	nl1	Taiga Bashira	DYM	FWD	89	90
1934	nl1	Shō Itoshi	SPK	FWD	87	89
1934	nl1	Denis Kuznetsov	SPK	FWD	86	88
1934	nl1	Masaru Jakamarra	ISS	MID	85	87
1934	nl1	Constantin Reverdin	AYA	FWD	82	84
1934	nl1	József Antall	NAG	FWD	82	84
1934	nl1	Kiyoshi Torigoe	ISS	MID	82	84
1934	nl1	Raffaele Lucchese	ISS	MID	82	84
1934	nl1	Akihisa Kubo	FCH	GK	81	83
1934	nl1	Juhani Hämälainen	AYA	GK	79	81
1934	nl1	Amgalanbaatar Sükh	ORU	DEF	78	80
1934	nl1	Takeru Nakandakari	NIK	DEF	78	80
1934	nl1	Sviatoslav Boyko	NAG	MID	77	79
1934	nl1	Cristian Urdaneta	NIK	DEF	76	78
1934	nl1	Dānilo Pavlović	SEN	GK	75	77
1934	nl1	Erlend Mikkelsen	SHZ	MID	75	77
1934	nl1	Wout Vandenberghe	TAK	MID	75	77
1934	nl1	Lingyun Hao	NIK	DEF	74	76
1934	nl1	Kōki Samejima	TAK	DEF	73	75
1934	nl1	Octave Desjardins	DYM	MID	90	91
1934	nl1	Kōzō Fujise	DYM	DEF	88	89
1934	nl1	Basem Shenouda	SHZ	GK	83	84
1934	nl1	Daigo Takanashi	SPK	DEF	83	84
1934	nl1	Kenji Nagase	SSK	FWD	83	84
1934	nl1	Yoshikazu Takanen	DYM	DEF	83	84
1934	nl1	Eisuke Sato	NAG	GK	82	83
1934	nl1	Gen Fija	AYA	DEF	82	83
1934	nl1	Orkun Çeti̇n	NAG	MID	82	83
1934	nl1	Voptá Hendá	FCH	FWD	81	82
1934	nl1	Yavuz Koç	SHM	FWD	81	82
1934	nl1	Aurélien Pasquier	SHZ	MID	80	81
1934	nl1	Dural Tanumura	SSK	GK	79	80
1934	nl1	Kōtarō Unno	KAM	FWD	79	80
1934	nl1	Nuno Gouveia	SPK	MID	79	80
1934	nl1	Drake Kessler	NIK	MID	78	79
1934	nl1	Niklas Weidmann	FCH	DEF	78	79
1934	nl1	Patrick Stumpfegger	ASH	MID	78	79
1934	nl1	Shintarō Katahira	KAM	DEF	78	79
1934	nl1	Tömörbaatar Ganzorig	ORU	DEF	78	79
1934	nl1	Ander Zubikarai	MAK	FWD	77	78
1934	nl1	Arslanbaatar Ganbold	ORU	MID	77	78
1934	nl1	Began Andersen	SHZ	DEF	77	78
1934	nl1	Bürgedei Dashnyam	ORU	FWD	77	78
1934	nl1	Kōsei Habara	SAT	DEF	77	78
1934	nl1	Umberto Bellarmino	NAG	MID	77	78
1934	nl1	Devante Rowley	SUM	FWD	76	77
1934	nl1	Heng Kong	SUM	DEF	76	77
1934	nl1	Pêr Lostanlen	TOY	MID	76	77
1934	nl1	Sōshi Nagumo	SAT	MID	76	77
1934	nl1	Shōhei Kaburagi	TAK	MID	75	76
1934	nl1	Sōta Kuribayashi	ASH	GK	75	76
1934	nl1	Tomoki Iwabuchi	ASH	FWD	75	76
1934	nl1	Yūshin Takamura	MAK	MID	75	76
1934	nl1	Bjarke Lindqvist	ASH	DEF	74	75
1934	nl1	Goshi Suganuma	ASH	DEF	74	75
1934	nl1	Masaki Togawa	TAK	DEF	74	75
1934	nl1	Shōgo Higashiyama	SEN	MID	74	75
1934	nl1	Artem Tkachenko	SAT	FWD	73	74
1934	nl1	Vladimír Králik	MAK	DEF	73	74
1934	nl1	Ørjan Skjelbred	SHM	DEF	73	74
1934	nl1	Eisuke Tatebayashi	SHM	DEF	72	73
1934	nl1	Miklós Nagy	ISS	GK	88	84
1934	nl1	Unai Izagirre	KAM	GK	79	75
1934	nl1	Nikolaos Papadopoulos	VIR	GK	83	80
1934	nl1	Shōgo Togashi	TOY	FWD	75	72
1934	nl1	Bhupen Narishita	SEN	FWD	73	70
1934	nl1	Péter Szabó	SPK	MID	91	89
1934	nl1	Jordan Stanford	SPK	GK	87	85
1934	nl1	Kenneth Haugland	VIR	DEF	85	83
1934	nl1	Magnus Andersson	DYM	GK	83	81
1934	nl1	Keigo Machida	ISS	DEF	80	78
1934	nl1	Jun Teshigawara	AYA	FWD	79	77
1934	nl1	Robert Schlösser	FCH	FWD	79	77
1934	nl1	Yōhei Takigawa	SPK	FWD	79	77
1934	nl1	Shōya Munakata	SUM	MID	78	76
1934	nl1	Biret-Ánde Sara	TOY	DEF	77	75
1934	nl1	Kalle Vuorijärvi	TOY	DEF	77	75
1934	nl1	Fumito Katagiri	NAG	FWD	76	74
1934	nl1	Tibor Fazékas	AYA	MID	75	73
1934	nl1	Adrien Beausoleil	TOY	MID	74	72
1934	nl1	Kylian Lefranc	FCH	MID	74	72
1934	nl1	Takanori Kajiwara	ISS	MID	74	72
1934	nl1	Fengqi Lu	SAT	MID	73	71
1934	nl1	Haripada Bagchi	SEN	MID	72	70
1934	nl1	Tatsuya Kurokawa	SUM	FWD	72	70
1934	nl1	Kouki Totsuka	MAK	FWD	71	69
1934	nl1	Rikuto Funabashi	SEN	MID	71	69
1934	nl1	Gijs Dreesens	DYM	MID	89	88
1934	nl1	Genma Nishigawa	VIR	DEF	84	83
1934	nl1	Kiyoshi Murandin	SPK	DEF	84	83
1934	nl1	Konsta Yrjölä	TOY	DEF	84	83
1934	nl1	Olof Sjöberg	ISS	DEF	84	83
1934	nl1	Arthur Kohlberg	SPK	DEF	82	81
1934	nl1	Takamasa Hida	KAM	MID	82	81
1934	nl1	Étienne Trieu	AYA	MID	82	81
1934	nl1	Shin Segawa	SSK	MID	81	80
1934	nl1	Nicolas Bellamy	ISS	DEF	80	79
1934	nl1	Ryōga Ikarashi	FCH	FWD	80	79
1934	nl1	Daichi Komatsubara	SUM	MID	79	78
1934	nl1	Emil Hansen	FCH	DEF	78	77
1934	nl1	Kamal Bodhipal	KAM	FWD	78	77
1934	nl1	Noriyuki Kiriyama	SSK	FWD	78	77
1934	nl1	Seishirō Amane	VIR	DEF	78	77
1934	nl1	Sélim Bouziane	SAT	DEF	78	77
1934	nl1	Sōma Kirizuka	MAK	MID	78	77
1934	nl1	Tamer Khalil	VIR	MID	78	77
1934	nl1	Akseli Ruotsalainen	TOY	DEF	77	76
1934	nl1	Chinbat Oyuunbileg	ORU	DEF	77	76
1934	nl1	Kyōsuke Komine	ISS	FWD	77	76
1934	nl1	Ryland Nash	DYM	FWD	77	76
1934	nl1	Teruki Saruwatari	SSK	MID	77	76
1934	nl1	Yūdai Tōjō	FCH	DEF	77	76
1934	nl1	Miro Heikkinen	SEN	MID	76	75
1934	nl1	Zolbayar Byambadorj	ORU	DEF	76	75
1934	nl1	Bence Zsolnay	SUM	DEF	75	74
1934	nl1	Issei Kunieda	TOY	MID	75	74
1934	nl1	Iñigo Arrizabalaga	KAM	DEF	75	74
1934	nl1	Kazuma Mabuse	SHM	MID	75	74
1934	nl1	Kengo Okitsu	DYM	MID	75	74
1934	nl1	Kōsuke Yokomizo	SEN	MID	75	74
1934	nl1	Masahiro Kusakari	SSK	MID	75	74
1934	nl1	Miika Kyllönen	SUM	DEF	75	74
1934	nl1	Seiji Kasuga	AYA	MID	75	74
1934	nl1	Semyon Volkov	TAK	GK	75	74
1934	nl1	Yūma Shindō	FCH	FWD	75	74
1934	nl1	Naoya Unoki	NAG	MID	74	73
1934	nl1	Tōichirō Kaneshiro	ASH	FWD	74	73
1934	nl1	Daisuke Unagami	FCH	DEF	73	72
1934	nl1	Takeshi Kuraoka	SEN	DEF	73	72
1934	nl1	Tsukasa Amagai	MAK	MID	73	72
1934	nl1	Nyunda Yiribaru	SHM	MID	72	71
1934	nl1	Michiaki Enomoto	NIK	FWD	70	69
1934	nl1	Sōhei Okuno	NIK	MID	69	68
1934	Karjanian Premier League	Christian Leino	SYV	GK	76	78
1934	Karjanian Premier League	Henrik Kristianson	SYV	FWD	75	77
1934	Karjanian Premier League	Armes Purtunen	PIE	FWD	79	80
1934	Karjanian Premier League	Tim Pukki	PIE	FWD	82	83
1934	Karjanian Premier League	Paavo Seppälä	RJK	DEF	83	82
1934	Karjanian Premier League	Teemo Aasmae	RPS	GK	81	80
1934	Karjanian Premier League	Aleksi Järveläinen	KUI	GK	80	81
1934	Karjanian Premier League	Otto Kask	KUI	MID	79	80
1934	Karjanian Premier League	Takuma Nakamura	KUI	FWD	82	81
1934	Karjanian Premier League	Kanata Hanashima	VKS	FWD	74	77
1934	Karjanian Premier League	James Smith	VKS	DEF	75	77
1934	Karjanian Premier League	Roððo Duongi	NOW	FWD	78	79
1934	Karjanian Premier League	Yūki Hattori	MRJ	FWD	75	77
1934	Karjanian Premier League	Erik Aalto	MRJ	GK	74	77
1934	Karjanian Premier League	Toma Shimabukuro	LAA	GK	78	80
1934	Karjanian Premier League	Salteni Pöyhönen	AFK	FWD	71	75
1934	Karjanian Premier League	Márton Nagy	SYV	MID	75	77
1934	Karjanian Premier League	Bertel Vainojärven	SYV	FWD	80	79
1934	Karjanian Premier League	Henrik Kristianson	SYV	FWD	77	79
1934	Karjanian Premier League	Litto Tulp	PIE	MID	78	79
1934	Karjanian Premier League	Armes Purtunen	PIE	FWD	80	81
1934	Karjanian Premier League	Tim Pukki	PIE	FWD	83	84
1934	Karjanian Premier League	Kalle Räikkönen	RJK	DEF	79	78
1934	Karjanian Premier League	Paavo Seppälä	RJK	DEF	82	81
1934	Karjanian Premier League	Toivo Grigorovic	VKS	DEF	75	76
1934	Karjanian Premier League	Balázs Jaminai	VKS	MID	77	78
1934	Karjanian Premier League	Teemo Aasmae	RPS	GK	80	79
1934	Karjanian Premier League	Marcel Metsa	RSR	DEF	78	76
1934	Karjanian Premier League	Eski Ruudanen	RSR	DEF	79	78
1934	Karjanian Premier League	Charle Valtterinen	RSR	FWD	79	77
1934	Karjanian Premier League	Aleksi Järveläinen	KUI	GK	81	82
1934	Karjanian Premier League	Otto Kask	KUI	MID	80	81
1934	Karjanian Premier League	Tazta Daryaei	XIV	GK	72	73
1934	Karjanian Premier League	Aarne Kainulainen	NOW	MID	79	78
1934	Karjanian Premier League	Vitali Korovin	NOW	MID	77	78
1934	Karjanian Premier League	Saīd Farzan	NOW	FWD	77	76
1934	Karjanian Premier League	Antaei Djurunga	AFK	DEF	71	72
1934	Karjanian Premier League	James Feruccio	AFK	MID	76	78
1934	Karjanian Premier League	Chenguang Pei	AFK	FWD	75	76
1934	Karjanian Premier League	Vladimir Tsoikov	AFK	FWD	73	75
1934	Karjanian Premier League	Nazer Shahrivar	MPA	MID	72	71
1934	Karjanian Premier League	Artyom Vladimovic	ARK	DEF	74	75
1934	Karjanian Premier League	Yerucham Lehrer	ARK	MID	73	74
1934	Karjanian Premier League	Lajos Újföldi	ARK	MID	65	68
1934	Karjanian Premier League	Otto Ahmadi	LAA	MID	74	72
1934	Liga-ye Mellī	Ziyad Subaie	NSR	MID	76	77
1934	nl2	Ryōsuke Tsugawa	KOS	FWD	70	75
1934	nl2	Naoki Higashino	SHR	MID	67	71
1934	nl2	Anirban Goswami	SHR	DEF	69	73
1934	nl2	Nobuhiro Azusawa	IFK	DEF	66	70
1934	nl2	Shigematsu Sato	KAN	FWD	71	74
1934	nl2	Kaname Kuramoto	KOS	MID	75	78
1934	nl2	Tatsuhiko Minagawa	KOS	DEF	72	75
1934	nl2	Pradip Chowdhury	SHR	FWD	73	76
1934	nl2	Sibö Kurbli	SHR	GK	70	73
1934	nl2	Mircea Ionescu	SHR	MID	72	74
1934	nl2	Hengbo Liu	SHR	DEF	72	74
1934	nl2	Yūya Tachikawa	RYO	GK	74	76
1934	nl2	Yoshitaka Nabeshima	KOS	MID	74	76
1934	nl2	Ippei Sawaki	KOS	MID	73	75
1934	nl2	Cesare Bottinelli	KAN	MID	74	76
1934	nl2	Ryōhei Ōtake	KOS	DEF	73	75
1934	nl2	Ben Caldicott	BGE	DEF	75	77
1934	nl2	Naoya Kurihara	CHU	DEF	74	76
1934	nl2	Guowei Sun	BGE	FWD	73	75
1934	nl2	Fumiya Habiro	IFK	FWD	72	74
1934	nl2	Sōichi Egashira	KAN	FWD	70	72
1934	nl2	Naoya Kumazawa	KAN	FWD	69	71
1934	nl2	Minoru Andō	MAT	MID	72	74
1934	nl2	Katsunori Haneda	MAT	DEF	70	72
1934	nl2	Naguib Sharawi	BGE	DEF	73	75
1934	nl2	Susumu Kikkawa	KOS	DEF	74	76
1934	nl2	Tarran Nyaruguru	SHR	DEF	71	72
1934	nl2	Naoki Onizuka	SHR	MID	71	72
1934	nl2	Nirrim Biryara	SHR	MID	70	71
1934	nl2	Hiroto Nakatsuka	SHR	MID	69	70
1934	nl2	Keigo Ikeda	SHR	DEF	72	73
1934	nl2	Provat Adhikari	SHR	DEF	67	68
1934	nl2	Shūji Kannazuki	KAN	GK	77	78
1934	nl2	Tsuyoshi Mikuriya	KAN	DEF	71	72
1934	nl2	Sadao Garabin	KAN	MID	71	72
1934	nl2	Ryōhei Ikegaya	KAN	DEF	70	71
1934	nl2	Shigenori Takaoka	KAN	DEF	69	70
1934	nl2	Hamad Zahrani	KAN	MID	70	71
1934	nl2	Yūto Hisamatsu	KAN	MID	70	71
1934	nl2	Mizuki Hoshizaki	KOS	MID	73	74
1934	nl2	Naohiro Shiina	KOS	DEF	73	74
1934	nl2	Wenkai Zhao	KOS	MID	72	73
1934	nl2	Hiroto Umezawa	KOS	MID	70	71
1934	nl2	Ismael Menéndez	CHU	DEF	84	85
1934	nl2	Alarico Canavese	CHU	MID	76	77
1934	nl2	Kōtarō Yanagisawa	CHU	FWD	73	74
1934	nl2	Akihiro Kaibara	CHU	FWD	74	75
1934	nl2	Genki Toba	IFK	MID	73	74
1934	nl2	Kōhei Sahara	IFK	FWD	71	72
1934	nl2	Itsuki Tsukahara	IFK	MID	71	72
1934	nl2	Phani Kyaithang	IFK	MID	72	73
1934	nl2	Kazutoshi Hōjō	IFK	DEF	68	69
1934	nl2	Takahiro Chikaraishi	IFK	DEF	67	68
1934	nl2	Ren Ikegami	BGE	GK	75	76
1934	nl2	Toshiya Kogure	BGE	DEF	71	72
1934	nl2	Lam Vu	RYO	MID	77	78
1934	nl2	Eren Peretz	RYO	MID	76	77
1934	nl2	Kentarō Ishizuka	RYO	DEF	72	73
1934	nl2	Naoto Soejima	RYO	DEF	72	73
1934	nl2	Itsuki Goto	RYO	FWD	72	73
1934	nl2	Hiroaki Tomioka	RYO	MID	72	73
1934	nl2	Sanat Barua	MAT	MID	72	73
1934	nl2	Ryōta Miyazawa	MAT	MID	71	72
1934	nl2	Rostam Khalili	MAT	MID	71	72
1934	nl2	Tomoki Kameyama	MAT	DEF	69	70
1934	nl2	Sōta Mizoguchi	MAT	FWD	68	69
1934	nl2	Nobuyuki Sakurai	MAT	DEF	70	71
1934	nl2	Yëría Kaché	MAT	MID	73	74
1934	nl2	Kōhei Morisaki	MRG	GK	73	74
1934	nl2	Vilgot Sundkvist	MRG	MID	76	77
1934	nl2	Tomohiro Arimatsu	VAL	FWD	74	75
1934	nl2	Szymon Kowalczyk	VAL	MID	74	75
1934	nl2	Seishirō Ōkubo	VAL	GK	74	69
1934	nl2	Celestino Fiorentini	VAL	DEF	77	74
1934	nl2	Cedric Warburton	VAL	MID	76	73
1934	nl2	Amiya Majumdar	VAL	MID	72	69
1934	nl2	Masaki Numata	VAL	DEF	72	69
1934	nl2	Takumi Sengoku	VAL	MID	72	69
1934	nl2	Gen Suematsu	MRG	MID	76	73
1934	nl2	Shinnosuke Hibino	MRG	DEF	73	70
1934	nl2	Kaspar Eichendorff	BGE	FWD	79	77
1934	nl2	Cory Gallegos	VAL	MID	77	75
1934	nl2	Panting Jugah	VAL	DEF	75	73
1934	nl2	Ryōsuke Kujiraoka	VAL	MID	72	70
1934	nl2	Ayumu Shikano	VAL	FWD	71	69
1934	nl2	Masaharu Kawabata	MRG	DEF	72	70
1934	nl2	Tatsuya Okuyama	MRG	DEF	72	70
1934	nl2	Shinji Tadayama	MRG	FWD	72	70
1934	nl2	Takeo Kinoshita	MRG	DEF	71	69
1934	nl2	Hayato Sagami	MRG	FWD	71	69
1934	nl2	Akira Suenaga	CHU	GK	74	72
1934	nl2	Daiki Moriizumi	CHU	MID	74	72
1934	nl2	Jatin Sudatta	MAT	FWD	73	71
1934	nl2	Kaito Ōkawara	RYO	FWD	71	69
1934	nl2	Yasuhiro Narukawa	VAL	MID	72	71
1934	nl2	Tomer Mizrahi	VAL	DEF	71	70
1934	nl2	Phong Le	VAL	FWD	72	71
1934	nl2	Ryūhei Kuriyama	MRG	MID	73	72
1934	nl2	Akito Namiki	MRG	MID	71	70
1934	nl2	Erfan Rastkar	MRG	DEF	70	69
1934	nl2	Isao Kadokura	MRG	MID	69	68
1934	nl2	Diego Montenegro	CHU	DEF	78	77
1934	nl2	Ryūji Sakanoue	CHU	MID	72	71
1934	nl2	Hajime Natsukawa	CHU	FWD	72	71
1934	nl2	Yūsei Tajima	CHU	DEF	70	69
1934	nl2	Kōta Kanazawa	KAN	DEF	70	69
1934	nl2	Tetsurō Kodaira	KAN	MID	70	69
1934	nl2	Kanji Yokokawa	KOS	MID	69	68
1934	nl2	Manda Ōkubo	KOS	DEF	72	71
1934	nl2	Baluk Cheraga	IFK	DEF	70	69
1934	nl2	Shun Okuda	IFK	MID	68	67
1934	nl2	Yūma Hayami	IFK	FWD	66	65
1934	nl2	Bilan Terauchi	IFK	GK	72	71
1934	nl2	Khagendra Mitra	BGE	DEF	72	71
1934	nl2	Akihisa Chikatsu	BGE	MID	72	71
1934	nl2	Yūhei Samukawa	BGE	MID	70	69
1934	nl2	Ryōta Hamanaka	BGE	MID	70	69
1934	nl2	Fábio Pintassilgo	BGE	MID	74	73
1934	nl2	Reinhold Von Ungern	BGE	MID	73	72
1934	nl2	Jun'ichi Teraoka	RYO	FWD	72	71
1934	nl2	Ren Sasaoka	RYO	MID	71	70
1934	nl2	Shōhei Kazama	RYO	DEF	73	72
1934	nl2	Tomonori Wakiya	RYO	DEF	70	69
1934	nl2	Hiroshi Tsubaki	MAT	MID	71	70
1934	nl2	Tōru Hiraga	MAT	MID	70	69
1934	Alemannische Oberliga	Niklaus YANCY	EIE	DEF	73	77
1934	Alemannische Oberliga	Lex GOEBEL	EIE	DEF	74	77
1934	Alemannische Oberliga	Senne TEUNISSEN	EIE	DEF	72	75
1934	Alemannische Oberliga	Eckbert GUTTENBERG	EIE	MID	73	76
1934	Alemannische Oberliga	Kasimir KRANTZ	EIE	MID	71	74
1934	Alemannische Oberliga	Roland HOCH	EIE	GK	77	79
1934	Alemannische Oberliga	Gottlieb AUE	EIE	DEF	78	80
1934	Alemannische Oberliga	Kunibert ALDENBERG	EIE	MID	73	75
1934	Alemannische Oberliga	Till BERGE	EIE	FWD	74	76
1934	Alemannische Oberliga	Meine MEISSNER	EIE	DEF	75	76
1934	Alemannische Oberliga	Pascal POST	EIE	MID	75	76
1934	Alemannische Oberliga	Gottlob NURMBURG	EIE	FWD	79	78
1934	Alemannische Oberliga	Brecht KASPER	EIE	GK	73	72
1934	Alemannische Oberliga	Otmar JUNDT	EIE	MID	68	67
1934	Alemannische Oberliga	Gerhardt TANGEMANN	EIE	MID	71	69
1934	Alemannische Oberliga	Hanne VAN BREDA	EIE	FWD	74	72
1934	Alemannische Oberliga	Florian VAN CAN	ARM	FWD	90	91
1934	Alemannische Oberliga	Klaus BERNHARD	ARM	GK	87	86
1934	Alemannische Oberliga	Mattieu DONNADIEU	ARM	DEF	86	88
1934	Alemannische Oberliga	Tomáš SVOBODA	ARM	MID	84	86
1934	Alemannische Oberliga	Efraín ARENAS	ARM	DEF	83	84
1934	Alemannische Oberliga	Jakub DVOŘÁK	ARM	MID	83	84
1934	Alemannische Oberliga	Clayton CALDWELL	ARM	DEF	82	84
1934	Alemannische Oberliga	Kuzma ZVEZDINSKY	ARM	MID	82	83
1934	Alemannische Oberliga	Florian GRUBER	ARM	DEF	81	83
1934	Alemannische Oberliga	Severin WEYERMANN	ARM	FWD	81	78
1934	Alemannische Oberliga	Stijn BOELENS	ARM	MID	80	84
1934	Alemannische Oberliga	Abe BOSMAN	ARM	MID	79	77
1934	Alemannische Oberliga	Rodion PROKHOROV	ARM	MID	78	75
1934	Alemannische Oberliga	Hartmann KIEFER	ZUR	DEF	76	80
1934	Alemannische Oberliga	Raphael JUNG	ZUR	FWD	77	80
1934	Alemannische Oberliga	Hartwin SCHWARZ	ZUR	MID	76	79
1934	Alemannische Oberliga	Reinhold WEIMANN	ZUR	MID	76	78
1934	Alemannische Oberliga	Noah WEBER	ZUR	FWD	74	76
1934	Alemannische Oberliga	Adalbert BLEIER	ZUR	DEF	72	74
1934	Alemannische Oberliga	Augustin SORG	ZUR	GK	77	78
1934	Alemannische Oberliga	Anton HERSCH	ZUR	MID	76	77
1934	Alemannische Oberliga	Wenzeslaus PFEIFFER	ZUR	MID	76	77
1934	Alemannische Oberliga	Pascal MENDEL	ZUR	MID	75	76
1934	Alemannische Oberliga	Friedemann NUREMBURG	ZUR	DEF	74	75
1934	Alemannische Oberliga	Adam MARKS	ZUR	DEF	71	70
1934	Alemannische Oberliga	Bertram GWERDER	ZUR	GK	68	67
1934	Alemannische Oberliga	Severin ADENAU	ZUR	MID	69	67
1934	Alemannische Oberliga	Adalbert SÜSS	ZUR	MID	74	71
1934	Alemannische Oberliga	Marius PLECHTER	ZUR	FWD	74	70
1934	Alemannische Oberliga	Salvatore ROMANO	HAN	MID	76	79
1934	Alemannische Oberliga	Emmett HARRISON	HAN	DEF	79	81
1934	Alemannische Oberliga	Leon BIERHALS	HAN	MID	78	80
1934	Alemannische Oberliga	Narra CATACUTAN	HAN	DEF	83	85
1934	Alemannische Oberliga	Nathaniel VITALE	HAN	DEF	82	84
1934	Alemannische Oberliga	Vilmos SZILÁGYI	HAN	FWD	79	80
1934	Alemannische Oberliga	Frederick PETERS	HAN	MID	78	79
1934	Alemannische Oberliga	Lisandro RIVAS	HAN	MID	78	79
1934	Alemannische Oberliga	Matthias NOACK	HAN	GK	88	87
1934	Alemannische Oberliga	Peer BRANDES	HAN	MID	76	75
1934	Alemannische Oberliga	Sven REIER	HAN	MID	82	80
1934	Alemannische Oberliga	Gijsbert TROOST	HAN	FWD	77	75
1934	Alemannische Oberliga	Nikolaus SCHOLZE	HAN	MID	75	73
1934	Alemannische Oberliga	Ephraim SNYDER	HAN	DEF	79	76
1934	Alemannische Oberliga	Kurt ANDELA	F01	GK	78	79
1934	Alemannische Oberliga	Lucas JESPERSEN	F01	DEF	78	80
1934	Alemannische Oberliga	Rolf SIEMON	F01	MID	78	80
1934	Alemannische Oberliga	Guntram DIRKSEN	F01	DEF	77	79
1934	Alemannische Oberliga	Jan SVENDSEN	F01	DEF	77	76
1934	Alemannische Oberliga	Manfred FRANKENSTEIN	F01	DEF	76	79
1934	Alemannische Oberliga	Sikke PAUWELS	F01	MID	76	78
1934	Alemannische Oberliga	Oswald LANGE	F01	MID	76	77
1934	Alemannische Oberliga	Otmar LORITZ	F01	FWD	76	77
1934	Alemannische Oberliga	Damian ASSENBERG	F01	MID	75	78
1934	Alemannische Oberliga	Maxi HINTZEN	F01	FWD	75	79
1934	Alemannische Oberliga	Till GÄRTNER	F01	DEF	75	73
1934	Alemannische Oberliga	Ewoud ARKES	F01	MID	75	72
1934	Alemannische Oberliga	Klaus JONASEN	F01	FWD	73	75
1934	Alemannische Oberliga	Rochus SNEIJER	F01	MID	72	71
1934	Alemannische Oberliga	Marvin OPPENHEIMER	E02	GK	75	79
1934	Alemannische Oberliga	Chris WEIMANN	E02	DEF	79	81
1934	Alemannische Oberliga	Wilfried SORGE	E02	MID	78	80
1934	Alemannische Oberliga	Frans CUIJPERS	E02	FWD	78	80
1934	Alemannische Oberliga	Johan WEINERTITZ	E02	DEF	74	76
1934	Alemannische Oberliga	Rafaël ALTENA	E02	DEF	77	78
1934	Alemannische Oberliga	Stephan KIEFER	E02	MID	78	79
1934	Alemannische Oberliga	Sascha VAN MIDDLESWORTH	E02	DEF	80	79
1934	Alemannische Oberliga	Kay WILMS	E02	FWD	77	76
1934	Alemannische Oberliga	Adolf GRIMM	E02	FWD	77	76
1934	Alemannische Oberliga	Dirk THÄLMANN	E02	MID	73	71
1934	Alemannische Oberliga	Lorens CHRISTENSEN	SPA	MID	74	77
1934	Alemannische Oberliga	Thor ANDRESEN	SPA	FWD	82	84
1934	Alemannische Oberliga	Ole TOFT	SPA	FWD	79	81
1934	Alemannische Oberliga	Ime PAULSEN	SPA	MID	83	84
1934	Alemannische Oberliga	Ane LUDVIGSEN	SPA	DEF	78	79
1934	Alemannische Oberliga	Hauke OLESEN	SPA	MID	78	79
1934	Alemannische Oberliga	Palle ALMA	SPA	DEF	76	77
1934	Alemannische Oberliga	Leif ABEL	SPA	DEF	75	76
1934	Alemannische Oberliga	Meine CARLSEN	SPA	DEF	79	78
1934	Alemannische Oberliga	Filip KARTENSEN	SPA	FWD	76	75
1934	Alemannische Oberliga	Oscar CARSTENSEN	SPA	FWD	74	73
1934	Alemannische Oberliga	Stig VAN WIEREN	SPA	DEF	74	72
1934	Alemannische Oberliga	Remme THORSEN	SPA	MID	74	72
1934	Alemannische Oberliga	Gabriel TESAŘÍK	PRA	GK	79	76
1934	Alemannische Oberliga	Edvard JANÍČEK	PRA	DEF	78	75
1934	Alemannische Oberliga	Hubert HAŠEK	PRA	FWD	78	80
1934	Alemannische Oberliga	Jindra CHALUPNÍK	PRA	DEF	77	76
1934	Alemannische Oberliga	Július BERNARD	PRA	MID	77	78
1934	Alemannische Oberliga	Tadeáš ŠIMON	PRA	MID	77	76
1934	Alemannische Oberliga	Oliver BÁRTA	PRA	FWD	77	76
1934	Alemannische Oberliga	Ctirad ŠEVČÍK	PRA	DEF	76	77
1934	Alemannische Oberliga	Lubor HLAVÁČEK	PRA	MID	76	78
1934	Alemannische Oberliga	Ignác JELEN	PRA	DEF	76	78
1934	Alemannische Oberliga	Timotej SEDLÁK	PRA	DEF	75	73
1934	Alemannische Oberliga	Drahoslav PEŠEK	PRA	MID	75	73
1934	Alemannische Oberliga	Uwe DAUBE	VSC	MID	82	79
1934	Alemannische Oberliga	Radim MUELLER	VSC	GK	81	78
1934	Alemannische Oberliga	Florian ČERNÍK	VSC	DEF	79	77
1934	Alemannische Oberliga	Gernot FALKENRATH	VSC	MID	78	80
1934	Alemannische Oberliga	Rolf GÄRTNER	VSC	MID	78	79
1934	Alemannische Oberliga	Wieland HUMMEL	VSC	FWD	78	79
1934	Alemannische Oberliga	Oto VACEK	VSC	FWD	78	79
1934	Alemannische Oberliga	Jaro REIS	VSC	DEF	78	79
1934	Alemannische Oberliga	Matthäus POLÁK	VSC	DEF	75	77
1934	Alemannische Oberliga	Havel LANDAU	VSC	MID	75	72
1934	Alemannische Oberliga	Marwin KADLEC	VSC	DEF	74	72
1934	Alemannische Oberliga	Guntram LÖWE	VSC	FWD	74	71
1934	Alemannische Oberliga	Sieuwerd BEUMERS	BTV	FWD	76	80
1934	Alemannische Oberliga	Otto PANDER	BTV	FWD	71	74
1934	Alemannische Oberliga	Levin ROSENBURG	BTV	GK	70	72
1934	Alemannische Oberliga	Marco SCHULTHIESS	BTV	MID	77	79
1934	Alemannische Oberliga	Wolf OHME	BTV	MID	76	77
1934	Alemannische Oberliga	Joop LAUWENS	BTV	MID	75	76
1934	Alemannische Oberliga	Cor BRUTZ	BTV	DEF	74	75
1934	Alemannische Oberliga	Ove BECK	BTV	MID	74	75
1934	Alemannische Oberliga	Dan BERNHARD	BTV	DEF	72	73
1934	Alemannische Oberliga	Steffen SCHÜTZE	BTV	DEF	77	76
1934	Alemannische Oberliga	Otto KÜHN	BTV	DEF	75	74
1934	Alemannische Oberliga	Alf ALBERINK	BTV	DEF	70	69
1934	Alemannische Oberliga	Eskil PETERSEN	BTV	MID	72	70
1934	Alemannische Oberliga	Ivo SCHUMACHER	BTV	FWD	71	69
1934	Alemannische Oberliga	Erik BOTHE	BTV	MID	68	66
1934	Alemannische Oberliga	Boda HARNS	VEY	GK	78	82
1934	Alemannische Oberliga	Fabian KNEF	VEY	FWD	78	81
1934	Alemannische Oberliga	Pirmin FALK	VEY	DEF	79	81
1934	Alemannische Oberliga	Johann WILDGRUBE	VEY	FWD	78	80
1934	Alemannische Oberliga	Helmar SAUBER	VEY	MID	74	76
1934	Alemannische Oberliga	Dieter SCHWINGHAMMER	VEY	MID	79	78
1934	Alemannische Oberliga	Gero WEHUNT	VEY	DEF	77	76
1934	Alemannische Oberliga	Jupp NEUMANN	VEY	DEF	76	75
1934	Alemannische Oberliga	Adi HAHN	VEY	MID	75	74
1934	Alemannische Oberliga	Alfons HAAS	VEY	MID	72	71
1934	Alemannische Oberliga	Goonbert HOUSE	VEY	DEF	70	69
1934	Alemannische Oberliga	Dietmar EBNER	VEY	DEF	77	76
1934	Alemannische Oberliga	Ulf GOTTI	VEY	MID	73	71
1934	Alemannische Oberliga	Denis WALKENHORST	VEY	FWD	73	71
1934	Alemannische Oberliga	Magnus BELTZ	VEY	MID	72	69
1934	Alemannische Oberliga	Michi SÜSS	FRM	MID	77	80
1934	Alemannische Oberliga	Erich ROT	FRM	MID	77	80
1934	Alemannische Oberliga	Guntram FALKNER	FRM	GK	75	77
1934	Alemannische Oberliga	Luitpolt HUBERT	FRM	MID	79	80
1934	Alemannische Oberliga	Eugen BAUMGÄRTNER	FRM	DEF	75	76
1934	Alemannische Oberliga	Eric JÄGER	FRM	FWD	72	71
1934	Alemannische Oberliga	Wolf WEHUNT	FRM	DEF	72	71
1934	Alemannische Oberliga	Luitger LANGE	FRM	DEF	79	77
1934	Alemannische Oberliga	Thorsten BLUMENTHAL	FRM	FWD	79	77
1934	Alemannische Oberliga	Josef SCHULZE	FRM	MID	76	74
1934	Alemannische Oberliga	Timo HABICH	FRM	DEF	73	71
1934	Alemannische Oberliga	Noah WENDELL	FRM	MID	72	70
1934	Alemannische Oberliga	Ruprecht SCHEER	FRM	MID	71	69
1934	Alemannische Oberliga	Dirk SPANNAGEL	BAI	MID	78	80
1934	Alemannische Oberliga	Jupp GÖBEL	BAI	FWD	77	78
1934	Alemannische Oberliga	Markus ABRAHAM	BAI	MID	76	77
1934	Alemannische Oberliga	Herwig KEIL	BAI	GK	82	80
1934	Alemannische Oberliga	Manfred BECKENBAUER	BAI	DEF	76	75
1934	Alemannische Oberliga	Gottfried HÜBER	BAI	MID	76	75
1934	Alemannische Oberliga	Valentin KÄSTNER	BAI	DEF	75	74
1934	Alemannische Oberliga	Linus KRAUSS	BAI	DEF	72	71
1934	Alemannische Oberliga	Augustin LANGER	BAI	MID	79	77
1934	Alemannische Oberliga	Uwe UNKLE	BAI	DEF	78	76
1934	Alemannische Oberliga	Pascal HALLE	BAI	DEF	78	76
1934	Alemannische Oberliga	Jonatan PETERS	BAI	MID	73	71
1934	Alemannische Oberliga	Marzell BECKE	BAI	MID	73	71
1934	Alemannische Oberliga	Silvan ROSENFELD	BAI	MID	78	75
1934	Alemannische Oberliga	Milan PAUL	BAI	FWD	77	73
1934	Alemannische Oberliga	Erni BACHMANN	STU	DEF	78	77
1934	Alemannische Oberliga	Lothar HÖFLER	STU	MID	78	80
1934	Alemannische Oberliga	Denis LEWERENZ	STU	GK	77	75
1934	Alemannische Oberliga	Hans-Joachim ENNS	STU	MID	77	75
1934	Alemannische Oberliga	Jaron HORN	STU	DEF	76	75
1934	Alemannische Oberliga	Humbert BAUMANN	STU	MID	74	77
1934	Alemannische Oberliga	Stav WEGENER	STU	DEF	73	76
1934	Alemannische Oberliga	Gotthilf BRINKERHOFF	STU	FWD	72	76
1934	Alemannische Oberliga	Akiva SCHUMACHER	STU	DEF	71	72
1934	Alemannische Oberliga	Bernd MÜLLER	STU	MID	71	75
1934	Alemannische Oberliga	Kai VONNEGUT	STU	DEF	71	70
1934	Alemannische Oberliga	Noga BUMGARDNER	STU	MID	70	72
1934	Alemannische Oberliga	Till HÖFFLER	STU	MID	70	68
1934	Alemannische Oberliga	Guntram JUNG	STU	FWD	69	68
1934	Alemannische Oberliga	Deror FRIEDRICH	STU	MID	68	67
1934	Alemannische Oberliga	Bruno SOMMER	VPR	GK	73	76
1934	Alemannische Oberliga	Barnabas HENNING	VPR	FWD	78	80
1934	Alemannische Oberliga	Maria ADENAUER	VPR	MID	76	77
1934	Alemannische Oberliga	Tadeáš FISCHER	VPR	DEF	79	78
1934	Alemannische Oberliga	Otto SLUSSER	VPR	DEF	78	77
1934	Alemannische Oberliga	Kord GROSS	VPR	DEF	77	76
1934	Alemannische Oberliga	Conrad VON GIMMELSHAUSEN	VPR	MID	78	77
1934	Alemannische Oberliga	Erik KRÄMER	VPR	MID	78	76
1934	Alemannische Oberliga	Eric HASS	VPR	MID	75	73
1934	Alemannische Oberliga	Humbert HERZOG	VPR	DEF	75	73
1934	Alemannische Oberliga	Liam SLOVÁK	VPR	FWD	72	70
1934	Alemannische Oberliga	Heinrich KRAUSSER	VPR	DEF	78	75
1934	Alemannische Oberliga	Mirek WIRNER	VPR	MID	75	72
1934	Alemannische Oberliga	Kryštof WOLF	VPR	MID	73	70
1934	Alemannische Oberliga	Conrad BAUER	LEI	MID	87	84
1934	Alemannische Oberliga	Made DJELANTIK	LEI	FWD	84	80
1934	Alemannische Oberliga	Cosimo COLOMBO	LEI	FWD	80	78
1934	Alemannische Oberliga	Robert KIRCHNER	LEI	GK	79	76
1934	Alemannische Oberliga	Levente KOVÁCS	LEI	DEF	79	77
1934	Alemannische Oberliga	Cayetano MONTOYA	LEI	DEF	79	78
1934	Alemannische Oberliga	Desmond BENALLY	LEI	MID	79	78
1934	Alemannische Oberliga	Bernardo FIGUEIRA	LEI	FWD	79	78
1934	Alemannische Oberliga	Thomas WALDHAUS	LEI	DEF	78	80
1934	Alemannische Oberliga	Juvenal VERA	LEI	MID	78	81
1934	Alemannische Oberliga	Gregor ALTMANN	LEI	FWD	78	75
1934	Alemannische Oberliga	Leoš SLÁDEK	LEI	DEF	77	75
1934	Alemannische Oberliga	Younès ZERHOUNI	LEI	MID	77	73
1934	Alemannische Oberliga	Koenraad JONKHEER	RND	FWD	74	77
1934	Alemannische Oberliga	Lenn VAN BUREN	RND	MID	78	79
1934	Alemannische Oberliga	Antoon ARNTZEN	RND	MID	77	78
1934	Alemannische Oberliga	Joost RAMAKER	RND	FWD	74	75
1934	Alemannische Oberliga	Stan SIMONS	RND	MID	78	77
1934	Alemannische Oberliga	Ivo VAN DAELE	RND	DEF	73	72
1934	Alemannische Oberliga	Han LUCAS	RND	DEF	79	77
1934	Alemannische Oberliga	Jozef HAENRAETS	RND	MID	78	76
1934	Alemannische Oberliga	Mannes TIMMERMANS	RND	MID	75	73
1934	Alemannische Oberliga	Cees MARQUERING	RND	FWD	73	71
1934	Alemannische Oberliga	Ewout DE LAND	RND	DEF	72	70
1934	Alemannische Oberliga	Rob WILMS	RND	DEF	78	75
1934	Alemannische Oberliga	Adriaan MEEUWES	RND	GK	77	74
1934	Alemannische Oberliga	Jozef CLOET	RND	MID	72	69
1934	Alemannische Oberliga	Siegbert MÜLLER	NUR	GK	80	79
1934	Alemannische Oberliga	Kuno UNRUH	NUR	DEF	78	77
1934	Alemannische Oberliga	Steffen DIEFENBACH	NUR	MID	78	75
1934	Alemannische Oberliga	Erwin BRABAND	NUR	DEF	77	75
1934	Alemannische Oberliga	Jupp HOFMEISTER	NUR	MID	77	76
1934	Alemannische Oberliga	Alex EBBE	NUR	MID	75	73
1934	Alemannische Oberliga	Emmerich SAUBER	NUR	FWD	75	73
1934	Alemannische Oberliga	Raffael BEITEL	NUR	FWD	75	77
1934	Alemannische Oberliga	Jockel KÖNIGSMANN	NUR	MID	75	74
1934	Alemannische Oberliga	Gisbert JAHNS	NUR	MID	73	72
1934	Alemannische Oberliga	Alfred BECKERT	NUR	MID	73	71
1934	Alemannische Oberliga	Elias KAUMANN	NUR	DEF	72	70
1934	Alemannische Oberliga	Tilo BURGSTALLER	NUR	MID	71	70
1934	Alemannische Oberliga	Eckbert WENDEL	NUR	FWD	70	67
1934	General Rebalance	Daigo TAKANASHI	SPK	DEF	84	83
1934	General Rebalance	Olander STRANDBERG	SPK	DEF	80	82
1934	General Rebalance	Marcello LA BARCA	SPK	MID	80	82
1934	General Rebalance	Nikolaos PAPADOPOULOS	VIR	GK	80	85
1934	General Rebalance	Teguh SETIAWAN	VIR	DEF	80	81
1934	General Rebalance	Epaminondas MAVROMATIS	SHZ	MID	77	78
1934	General Rebalance	Daichi KOMATSUBARA	SHZ	MID	78	79
1934	General Rebalance	Selçuk DEMIRCI	FCH	MID	76	78
1934	General Rebalance	Tibor FAZÉKAS	AYA	MID	73	74
1934	General Rebalance	Semyon VOLKOV	TAK	GK	74	76
1934	General Rebalance	Gvidas RIMKEVIČIUS	TAK	DEF	75	77
1934	General Rebalance	Muzaffer DOĞAN	KOS	DEF	74	77
1934	General Rebalance	Keigo IKEDA	SHR	DEF	73	75
1934	General Rebalance	Anirban GOSWAMI	SHR	DEF	73	74
1934	General Rebalance	Adrien BEAUSOLEIL	TOY	MID	72	74
1934	General Rebalance	Asahi NISHIOKA	ASH	FWD	77	78
1934	General Rebalance	Eito DŌMEKI	MAK	MID	74	78
1934	General Rebalance	Fionn LARRAGHY	ASH	MID	74	75
1934	General Rebalance	Igor NOVIKOV	DYM	MID	74	79
1934	General Rebalance	Keigo MACHIDA	ISS	DEF	78	80
1934	General Rebalance	Kengo OKITSU	DYM	MID	74	76
1934	General Rebalance	Kenichi MITSUI	DYM	FWD	90	89
1934	General Rebalance	Kenzō FUJINAMI	KOS	GK	74	75
1934	General Rebalance	Luca HIGASHIYAMA	VIR	MID	91	90
1934	General Rebalance	Masaki TOGAWA	TAK	DEF	75	76
1934	General Rebalance	Miltiadis GALANIS	VIR	FWD	91	90
1934	General Rebalance	Naoto UMENOKŌJI	ISS	DEF	79	81
1934	General Rebalance	Nuno GOUVEIA	SPK	MID	80	81
1934	General Rebalance	Ryland NASH	SSK	FWD	76	78
1934	General Rebalance	Ryōhei IKEGAYA	KAN	DEF	71	73
1934	General Rebalance	Ryōhei ŌTAKE	KOS	DEF	75	76
1934	General Rebalance	Ryūnosuke TŌDŌ	VIR	FWD	75	78
1934	General Rebalance	Seishirō AMANE	VIR	DEF	77	78
1934	General Rebalance	Serafim CORREIA	ISS	MID	76	79
1934	General Rebalance	Shigematsu SATO	KAN	FWD	74	75
1934	General Rebalance	Shūji KANNAZUKI	KAN	GK	78	79
1934	General Rebalance	Susumu KIKKAWA	KOS	DEF	76	77
1934	General Rebalance	Séamus Ó'DUINNÍN	MAT	FWD	70	73
1934	General Rebalance	Sélim BOUZIANE	SAT	DEF	77	78
1934	General Rebalance	Taiga BASHIRA	DYM	FWD	90	89
1934	General Rebalance	Teppei MOTOHASHI	DYM	DEF	76	77
1934	General Rebalance	Tsuyoshi MIKURIYA	ASH	DEF	72	74
1934	General Rebalance	Tōru CHIKUAMI	TAK	DEF	74	75
1934	General Rebalance	Vladimír KRÁLIK	MAK	DEF	74	77
