@	#	TEAM	OVR	PLAYSTYLE	FORMATION	TIME WASTING	GK PASSING	DL BEHAVIOR	MANAGER	#1	#2	#3	#4	#5	#6	#7	#8	#9	#10	#11	#12	#13	#14	#15	#16	Home	Away	LOCATION	STADIUM	LEAGUE
	WIN	Winscor FC	82.0	La Nuestra	4-3-3	Never	Long	Step Up	(78) Matías ARDILES [AUR]	(89) Xavier CIENFUEGOS [ASK]	(81) Angel CASTEJÓN [ASK]	(84) Brock FAIRWEATHER [ESU]	(89) Joris VAN ANTWERP [ALE]	(81) Hadrien DESCHAMPS [ARV]	(78) Conor DALE	(81) Arthur WHITMORE	(89) Jadarian ROYCE [ESU]	(77) Reuben ASHTON	(84) Matías SALCEDO [ASK]	(88) Leon VOGEL [ESU]	(79) Jake THORNTON	(80) Emrys LOCKWOOD	(78) Alain SAFFRON	(78) Ryan COLE	(76) Renato FIORAVANTI [VIC]	#C8102E	#360f15	Winscor	Annesfield	Elvesterian Premier League
	TOT	Toteham Lilywhite	81.2	Wing Play	4-3-3	Sometimes	Short	Drop Off	(81) Godfrey TUDOR	(85) Massimo VISCONTI [VIC]	(81) Lorenzo SQUILLACI [VIC]	(84) Vojtěch NOVOTNÝ [ALE]	(79) Giacomo RUSSO [VIC]	(80) Izan SANTANDER [ASK]	(77) Emilio BIANCHI [VIC]	(82) Simphiwe CHABALALA [ASP]	(83) Thomas HARGREAVES	(82) Aurélien BOISSONNADE [ARV]	(87) Harry CAINE	(88) Lewis BARDSLEY	(78) Josh HARTLEY	(78) Ruggero SPADAFORA [VIC]	(78) Rafferty CROSS	(77) Veikko HAAPASALO [KAR]	(80) Ollie SHAW	#FFFFFF	#132257	Dunmaris	Bill Nicholson Stadium	Elvesterian Premier League
	MNC	Manceshire City	78.7	Control Possession	4-3-3	Sometimes	Short	Step Up	(79) Lorenzo ALTOVITI [VIC]	(78) Sullivan MARCHBANK	(80) Théo LACHAPELLE [ARV]	(80) Tsutomu HAGIWARA [NCH]	(78) Cameron LYONS	(77) Eino LEHTIMÄKI [KAR]	(79) Mathijs HOLLEMAN [ALE]	(79) Reinhard STOLLENWERK [ALE]	(77) Krister WESTERBERG [ALE]	(81) Sawyer PINKERTON	(81) Augustin ARAGONÉS [ASK]	(80) Nicanor ARANDIA [AUR]	(78) Tom NORRIS	(78) Nate ENTWISTLE	(77) Dylan WEBB	(78) Mateo CALDERÓN [ASK]	(78) Max REEVES	#6CADDF	#000000	Manceshire	Commonwealth Stadium	Elvesterian Premier League
	TYN	Tyneside United	78.1	La Nuestra	4-3-3	Never	Long	No Instruction	(79) Ibrahim DE LA CERDA-TÉTOUANI [AEM]	(80) Ansgar KESSLER [ALE]	(78) Yūto KANBARA [NCH]	(77) Kyffin LLEWELLYN	(82) Philip KLEIN [ESU]	(75) Bendegúz FARKASHÁZY [TUR]	(81) Ondřej ČERNÝ [ALE]	(78) Cortland BEAUMONT [ESU]	(80) Anton FRIEDEBERG [ALE]	(79) Charlie GREY	(81) Dillon HEATH	(76) Eiichi FUJIMORI [NCH]	(77) Declan NEAL	(76) Liam STONE	(78) Kael ROWNTREE	(76) Kai HUNT	(76) Rowan FENWICK	#000000	#FFFFFF	Tynemouth	Gallowgate Park	Elvesterian Premier League
	PCH	Prestune-Chicheham	79.1	La Nuestra	4-3-3	Never	Long	No Instruction	(81) John HOLLOSEND [HOL]	(82) Yassine BENALI [RCO]	(80) Alejandro VARGA [ASK]	(80) Nelis HARBERTS [ALE]	(75) Jabari HESS	(77) Reuben MENDOZA [HOL]	(78) George SMITH	(82) Olegario PÉREZ [AUR]	(80) Harvey PAYNE	(78) Jonathan FIELDS	(87) Masaru JAKAMARRA [NKI]	(80) Hans-Jürgen HŌNIGSBERG [PON]	(76) Torkel BRANDSNES [SKJ]	(77) Conor DAWSON	(77) Jonathan CANNON	(77) Tadhg OAKES	(79) Scott RILEY	#00235a	#FFE600	Prestune	Prestune Pavilion	Elvesterian Premier League
	BRU	Brunlea Rovers	78.4	Zona Mista	4-3-3	Never	Short	No Instruction	(78) Duncan ASHDOWN	(83) Maximilian MOLLENHAUER [PON]	(77) Nathan HUGHES	(78) Achille COLASUONNO [VIC]	(79) Curtis HAVERSHAM	(77) Fulvio SCAPARRA [VIC]	(81) Nicasio ARANGUREN [ASK]	(74) Deacon MARBURY [HOL]	(78) Séverin ROUCHECOUSTE [ARV]	(81) Marian BETTENCOURT [ARV]	(82) Nélson FERREIRA [ASK]	(80) Dirk PLATZ [ALE]	(77) Vittore GABBIADINI [VIC]	(76) Owen TRELAWNEY	(78) Matt SALTMARSH	(77) Ethan BLAKE	(76) Jabari WELLS	#6C1D45	#FFFFFF	Brunlea	Penninevale Piedmont	Elvesterian Premier League
	BRI	Britelme FC	78.3	Tiki-Taka	4-3-3	Never	Short	Step Up	(78) Jebiesuki NABOSAKA [COR]	(82) Mathieu MARTIN [ARV]	(83) Tunç KENAANOĞLU	(76) Nolan JENNINGS [ESU]	(78) Marcus REDFERN	(77) Callum DAVIES	(77) Halvard SYVERTSEN [SKJ]	(75) Reinhold STUCKENBERG [PON]	(81) Baptiste ROUX [ARV]	(82) Jorrit BLANKENBURG [ALE]	(81) Fletcher LANCASTER	(82) Jesus HALCONERO [ASK]	(76) Kyle AINSWORTH	(75) Reece FLOYD	(75) Freddie MARCHANT	(76) Dan HOBBS	(76) Niall HAYES	#0057B8	#000000	Britelme	Silverstone Ground	Elvesterian Premier League
	STM	Estone Mansion	77.8	Wing Play	4-2-3-1	Sometimes	Short	Offside Trap	(79) Beltrán CALDERÓN [AUR]	(78) Pietro BORROMEO [VIC]	(79) Charles LAGARDE [ARV]	(77) Callum HEDGECOE	(83) Wesley WETHERBY	(77) Jerzy WIŚNIEWSKI [COR]	(78) Ivo BRANDÃO [AUR]	(78) Louis WEARDALE	(80) Antonio SANGÜESA [ASK]	(77) Djeferson BÉLIVEAU [ARV]	(78) Gabriel BEAUCHÊNE [ARV]	(76) Severino GUZMÁN [AUR]	(77) Will BARRETT	(76) Jamie BUTTERWORTH	(77) Isaac PENDRIDGE	(77) Finn SUTTON	(77) Morgan KEANE	#670E36	#92afd5	Gaelham	Wellington Road	Elvesterian Premier League
	WE	Westend FC	77.2	Vertical Tiki-Taka	4-2-3-1	Never	Short	Step Up	(77) Rafael MONTEIRO [SEL]	(78) Rhys TOWNSEND	(77) Owen ASHWORTH	(78) Harry BROWN	(81) Arséne LA FROMBOISE [ARV]	(79) Maxence BEAUVILLIERS [ARV]	(76) Milan IVANOV [RUD]	(76) Anacleto FIGUEIRÓ [AUR]	(78) Rikuto SHINOZUKA [NCH]	(73) Vsevolod ZHUKOVSKY [RUD]	(77) Nándor MÉSZÁROS [TUR]	(79) Marcus ELLINGHAM	(77) Dashiell WARD	(76) Sam KELLY	(77) Miles CHESWICK	(77) Theo MOSS	(76) Ben PREWETT	#034694	#FFFFFF	Dunmaris	Billing's Dyche	Elvesterian Premier League
	BRW	Broomwich Albion	78.3	Route One	3-5-2	Never	Long	No Instruction	(78) Cyril WHITTAKER	(82) Saša RADOVIĆ [TUR]	(78) Sōichirō FUKATSU [NCH]	(82) Attila D'AMBROSI [VIC]	(77) Reese GUERRA [ESU]	(78) Warren MARSHALL	(80) Felix HOFFMAN [ESU]	(78) Ashley HALLIWELL	(77) John CLARK	(78) Igor CONSALVO [VIC]	(84) Grzegorz BRZĘCZYSZCZYKIEWICZ [COR]	(79) Rhys DEACON	(76) Lachlan MOWBRAY	(75) Joe OAKHURST	(77) Sean RAMSEY	(76) Elliot HANDSWORTH	(76) Harvey GRIEVE	#002F68	#FFF200	Broomwich	Stadium of the Nomads	Elvesterian Premier League
	MYH	Myhailfborough FC	76.6	La Nuestra	4-1-4-1	Never	Short	Step Up	(77) Eamon GALLAGHER	(76) Crispin WHITFIELD	(78) Íñigo BASTERRETXEA [ASK]	(78) Simon SCHULHOF [PON]	(76) Ladislav KUČERA [POL]	(76) Dario PRADO [ASK]	(78) Duarte VASQUES [ASK]	(78) Marcus WRIGHT	(78) Cédric SERRE [ARV]	(75) Ludovico RIGGIO [VIC]	(79) Arcadio VILLA [AUR]	(78) Freek HENDRIKS [ESU]	(76) Torquil BLYTHE	(75) Niilo VIRTANEN [KAR]	(76) Pirmin HOFFMEISTER [PON]	(75) Yakov SOROKIN [RUD]	(73) Colwyn POWELL	#E32221	#FFFFFF	Myhailfsborough	The Ironopolis	Elvesterian Premier League
	GAL	Gallican FC	78.3	Vertical Tiki-Taka	4-2-4	Never	Short	Step Up	(78) Ansgar VOGELSANG [PON]	(79) Struan MACALLISTER	(78) Tyson YAZZIE [ESU]	(79) Zalán VÁRADI [TUR]	(79) Rory KINCARDINE	(80) Peter BALÁŽ [COR]	(78) Cael CUNNINGHAM	(79) Ayato HACHIKAWA [NCH]	(77) Findlay BRODICK	(81) Ellis WEST	(83) Pierre PETIT [ARV]	(77) Sulo TOIVAKKA [KAR]	(77) Fraser GIBBS	(74) András KELEMEN [TUR]	(79) Myroslav ZALIZNIAK [SID]	(76) Luke FANSHAWE	(77) Cael PRICE	#018749	#000000	Cathures	Gallican Park	Elvesterian Premier League
	SHE	Shefford United	78.0	Wing Play	4-2-3-1	Sometimes	Long	Drop Off	(78) Clive HARGREAVES	(78) Tristan MARGETTS	(77) Eliel KLEMETTI [KAR]	(79) Don Archibald BATES [ESU]	(77) Wilf CARBROOK	(77) Alceste DEROCLES [ABB]	(78) Julian BOSBLOOMS [ALE]	(77) Ottone BRANCALEONE [VIC]	(79) Alden MADDOX [ESU]	(83) Spencer CHADWICK	(78) Cristian COSTANZA [AUR]	(85) Horace PESHLAKAI [ESU]	(76) Callum FOTHERGILL	(75) Rupert WALSH	(76) Aneurin PORTER	(75) Josh PEEL	(78) Haydar ŞEN [SEL]	#EE2737	#000000	Shefford	Bramhall Road	Elvesterian Premier League
	BIX	Bixby Wanderers	77.8	Counter	4-4-2	Never	Long	Drop Off	(84) Báthory ZSIGMOND [TUR]	(78) Misael COPELAND	(78) Mátyás SZENDREI [TUR]	(80) Dario MORETTI [VIC]	(77) Lachlan BARWICK	(77) Dominic DE COCO [VIC]	(76) Wendell OBERKAMPF [PON]	(78) Álvaro CARVALHO [ASK]	(78) Guillaume PENHOËT [ARV]	(81) Martim DUARTE [ASK]	(82) Peter SELHORST [ESU]	(80) Sōta AKUTAGAWA [NCH]	(76) Will SAXBY	(76) Sonny HORWICH	(76) Cihan KARTACA [SEL]	(76) Finn HATHAWAY	(76) Declan KNIGHTLEY	#FFFFFF	#000000	Bixby	Sargassum Park	Elvesterian Premier League
	AFC	Armoury FC	76.3	Control Possession	4-3-2-1	Constantly	Short	Drop Off	(80) Baron FAUST [PON]	(79) Parker TURNER [ESU]	(82) Jedidiah WANAMAKER [PON]	(76) Kilian REUTHER [ALE]	(77) Bogumił CIEŚLAK [COR]	(74) Fergus DUNBROCH [ESU]	(78) Martino MARRESE [VIC]	(78) Colin BRUGUIÉRE [ARV]	(76) Teddy VARNHAM	(78) Egeo SCALERA [VIC]	(76) Xander BENNETT [ESU]	(77) Ottavio SCARLATTI [VIC]	(74) Vasco MADEIRA [AUR]	(73) Jamie BAINES	(75) Tyler ALDRIDGE	(74) Ross DENT	(74) Kymani HEWITT	#EF0107	#F0B323	Dunmaris	Highbury Diocesan Stadium	Elvesterian Premier League
	GAE	Gaelham City	76.2	Vertical Tiki-Taka	4-3-3	Never	Short	Step Up	(76) Declan MULRONEY	(78) Ceferino ACOSTA [AUR]	(77) Mario HOYO [ASK]	(77) Beckett ASHWORTH	(76) Ján NOVÁK [COR]	(77) Marco PERONO [VIC]	(75) Corwin THISTLEWOOD	(79) Gavin CHAPELLE [ESU]	(77) Simo MANNERHEIM [KAR]	(78) Baldomero QUINTANA [ASK]	(76) Miłosz ZAWADZKI [COR]	(78) Pau BERMÚDEZ [ASK]	(74) Kristaps AUSEKLIS [LVO]	(73) Dylan GOODACRE	(75) Jake CROFT	(74) Theo BURROWS	(75) Miroslav PŘIBYL [POL]	#0000FF	#FF0000	Gaelham	Bord's Heath	Elvesterian Premier League
	PIS	Piswitch Town	76.3	Counter	4-2-3-1	Never	Long	No Instruction	(76) Nikolaj VESTERGAARD [SKJ]	(78) Ryōichi NAKASHIMA [NCH]	(78) Qiushi ZHANG [GUA]	(80) Tilman ZARTMANN [PON]	(76) Pat HASSELL [PON]	(75) Imre KÁRPÁTI [TUR]	(77) Vural SURLU [SEL]	(77) Toby REDGRAVE	(79) Axel ANDERSON [ESU]	(77) Ferruccio NOSEDA [VIC]	(78) Nathan BASS	(78) Dietrich KUNZE [ALE]	(74) Nate WHETSTONE	(73) Callum SWIFT	(75) Miles MARSH	(72) Changming ZHAO [GUA]	(74) Scott BLACKWOOD	#001489	#FFFFFF	Piswitch	Broomhill Lane	Elvesterian Premier League
	MNU	Manceshire United	75.6	La Nuestra	4-2-3-1	Never	Long	No Instruction	(76) Roland BEAUCHAMP [ARV]	(77) Axel BERG [LVO]	(71) Leofric SWINDELL	(76) Zsombor DÖMÖTÖR [TUR]	(76) Garrison WHITACRE	(75) Inácio MADUREIRA [AUR]	(77) Kaan ERDOĞMUŞ [SEL]	(76) Barnaby CHELSWORTH	(78) Braulio SALVATIERRA [ASK]	(77) Fritz HAFER [ALE]	(78) Augustijn VERHOEVEN [ALE]	(77) Arsenio MARCHETTI [VIC]	(73) Gonzalo MEDINA [ASK]	(73) Yurii ZAHREBELNY [SID]	(74) Finn ASHCROFT	(73) Owen BRAMLEY	(78) Harrison VOSE	#DA291C	#FFFFFF	Manceshire	Newton Stadium	Elvesterian Premier League
	WNC	Winscor Chaplains	75.7	Zona Mista	4-4-2	Sometimes	Long	No Instruction	(75) Alistair KHAN [ENR]	(78) Falco MONOPOLI [VIC]	(72) Perceval LAMARQUE [ARV]	(76) Fabio LOEB [PON]	(77) Sterling CAULFIELD	(73) Merritt FOXLEY	(75) Sander VANDEVELDE [HOL]	(77) Neizan ESCRIBANO [AUR]	(77) Prescott HARGRAVE	(76) Marlow TILBROOK	(78) Biel BIEL [ASK]	(82) Tatsuki AKAGAWA [NHO]	(73) Ignat POLIVANOV [RUD]	(74) Bobby CROXTETH	(77) Batuhan BALYOZ [SEL]	(73) Joe GREYSTOCK	(73) Liam COPLEY	#003399	#FFFFFF	Winscor	Saint Domingo Stadium	Elvesterian Premier League
	SCR	Scramrock Rovers	75.6	Zona Mista	4-2-3-1	Never	Short	No Instruction	(76) Fergus TREHERNE	(78) Jackson MILLER [ESU]	(74) Kazimierz WÓJCIK [COR]	(79) Zbigniew LEWANDOWSKI [COR]	(78) Tanjin TSUKAHARA [NKI]	(76) Osbert CROWE	(77) Wendelin GRATZ [ALE]	(78) Aldric PENHALIGON	(75) Alfonzo CAMUNAS [ASK]	(76) Borys SKOVORODA [SID]	(75) Arkady VSEVOLOZHSKY [RUD]	(75) Oisín DOOLAN	(74) Declan RACKHAM	(74) Bahadır YALÇIN [SEL]	(74) Kai STRATTON	(73) Ethan DUNMORE	(74) Connor PALLISER	#001389	#E4002B	Scramrock	Elwood Bridge	Elvesterian Premier League