CHU	Inter Chukyo	73	73.0	Tiki-Taka	3-5-2	Play Out of Defence	Much More Direct	Work Ball Into Box	No Instruction	Be More Expressive	No Instruction	Sometimes	No Instruction	No Instruction	No Instruction	Standard	Standard	Offside Trap	Stay On Feet	(74) Akira SUENAGA	(74) Naoya KURIHARA	(73) Ryōhei IWAKUMA	(73) Takahiro MIKAMI	(72) Ryūji SAKANOUE	(74) Daiki MORIIZUMI	(71) Renji YAMASE	(73) Rintarō ICHINOHE	(74) Shunpei KADOTA	(73) Kōtarō YANAGISAWA	(72) Hajime NATSUKAWA	(70) Yūma KITAZONO	(70) Yūsei TAJIMA	(69) Kazuki OIKAWA	(69) Shinobu MURAOKA	(68) Hiroaki TAKASE	#065b94	#e8b830	Chūkyō (9,512,000)	Chūkyō Metropolitano (50,000)
BGE	Bankoku Genkai	73	72.7	Counter	4-4-2	Pass Into Space	Standard	Shoot On Sight	Run At Defence	Be More Expressive	No Instruction	Never	Counter-Press	Counter	No Instruction	Much Lower	Standard	Offside Trap	Stay On Feet	(75) Ren IKEGAMI	(74) Genzō ARIYOSHI	(72) Kento MIKOSHIBA	(72) Renta KOSHIMIZU	(72) Masaki NUMATA	(72) Yūsuke KONPARU	(74) Fábio PINTASSILGO [REI]	(73) Reinhold VON UNGERN [LVO]	(72) Akihisa CHIKATSU	(73) Guowei SUN [GUA]	(71) Shigematsu SATO	(73) Shin EBIHARA	(71) Toshiya KOGURE	(70) Yūhei SAMUKAWA	(70) Ryōta HAMANAKA	(69) Kiyotaka MOMOSE	#111a44	#1e2d4a	Genkai (5,813,000)	Bankoku Concourse (42,000)
KOS	Kōshū Sentinels	73	73.0	Counter	4-1-4-1	No Instruction	Standard	No Instruction	Be More Disciplined	Be More Disciplined	Play for Set Pieces	Sometimes	Regroup	Hold Shape	Long	Lower	Standard	Drop Off	Stay On Feet	(74) Kenzō FUJINAMI	(73) Ryōhei ŌTAKE	(74) Susumu KIKKAWA	(73) Naohiro SHIINA	(72) Tatsuhiko MINAGAWA	(75) Kaname KURAMOTO	(74) Yoshitaka NABESHIMA	(72) Wenkai ZHAO [GUA]	(73) Ippei SAWAKI	(73) Mizuki HOSHIZAKI	(70) Ryōsuke TSUGAWA	(71) Tsukasa NIREI	(70) Daizō MASHIKO	(70) Hiroto UMEZAWA	(69) Kanji YOKOKAWA	(68) Seiya URABE	#a28c3f	#2b4a3f	Kōshū (1,541,000)	Akatsuki Stadium (18,000)
MRG	Moriguchi Muraglia	72	72.0	Counter	5-3-2	No Instruction	More Direct	No Instruction	Be More Disciplined	Be More Disciplined	Play for Set Pieces	Sometimes	Regroup	Counter	No Instruction	Lower	Standard	Drop Off	Get Stuck In	(73) Kōhei MORISAKI	(72) Tatsuya OKUYAMA	(73) Shinnosuke HIBINO	(71) Yūdai KAINUMA	(72) Masaharu KAWABATA	(73) Rintarō KIYOMIZU	(71) Akito NAMIKI	(72) Gen SUEMATSU	(73) Ryūhei KURIYAMA	(71) Sōta MITSUYA	(71) Hayato SAGAMI	(70) Kazuma TAKARADA	(69) Fumiya ŌBAYASHI	(69) Isao KADOKURA	(68) Takuto YAMAZOE	(67) Norio KUSHIRO	#5c4a38	#38761d	Moriguchi (949,000)	
RYO	Ryōgaku Polaris	72	72.0	Gegenpress	4-4-2	No Instruction	More Direct	No Instruction	No Instruction	No Instruction	No Instruction	Never	Counter-Press	Counter	Long	Higher	Standard	No Instruction	Get Stuck In	(74) Yūya TACHIKAWA	(72) Kentarō ISHIZUKA	(72) Naoto SOEJIMA	(71) Michio MARUOKA	(73) Shōhei KAZAMA	(72) Hiroaki TOMIOKA	(71) Ren SASAOKA	(72) Daisuke IMAOKA	(72) Takeshi UBUKATA	(71) Kaito ŌKAWARA	(72) Jun'ichi TERAOKA	(70) Shingo YASHIRO	(70) Tomonori WAKIYA	(69) Eiji KOMORI	(68) Masato SUNOHARA	(67) Yūta ASAOKA	#ed1e24	#1a1a3a	Ryōgaku (803,000)	Manshu Yusen Stadium (15,000)
VAL	Club Valtheria	71	71.3	Counter	3-5-2	Pass Into Space	Standard	Shoot On Sight	Run At Defence	Be More Expressive	No Instruction	Sometimes	Counter-Press	No Instruction	Short	Lower	Standard	Step Up	Stay On Feet	(74) Seishirō ŌKUBO	(73) Tadhana BATUMBAKAL [SGD]	(70) Tomer MIZRAHI [SHI]	(74) Panting JUGAH [CAH]	(72) Ryōsuke KUJIRAOKA	(68) Ken TOGANE	(69) Shōta FUJIKURA	(71) Naoki ONIZUKA	(72) Takumi SENGOKU	(70) Jirō TAMEIKE	(71) Ayumu SHIKANO	(69) Kensei TSUKUI	(68) Motoharu ŌBARA	(68) Yasuhiro NARUKAWA	(67) Chikara MAKABE	(66) Nobuo YAJIMA	#481a62	#c0b8d0	Shinkeisei (36,955,000)	Tenshukaku Stadium Kōgai (32,000)
MAT	Matsuumi Horikawa	70	70.0	Balanced	4-4-2	No Instruction	Standard	No Instruction	No Instruction	No Instruction	No Instruction	Sometimes	Regroup	No Instruction	No Instruction	Standard	Standard	No Instruction	Get Stuck In	(72) Shōichi UMEDA	(70) Katsunori HANEDA	(71) Yūsuke SHIOTA	(69) Tomoki KAMEYAMA	(70) Nobuyuki SAKURAI	(71) Ryōta MIYAZAWA	(69) Keiji KOSUGI	(70) Daichi NAGAOKA	(71) Hiroshi TSUBAKI	(69) Yūki OKAJIMA	(68) Sōta MIZOGUCHI	(67) Kazuya TSUCHIYAMA	(67) Naoki SATOMURA	(66) Genki NOMOTO	(65) Tōru HIRAGA	(65) Shun MUNETO	#2a7494	#d4c090	Matsuumi (819,000)	
KAN	Kannushi	70	70.0	Balanced	4-4-2	No Instruction	Standard	No Instruction	No Instruction	No Instruction	Play for Set Pieces	Sometimes	Regroup	No Instruction	No Instruction	Standard	Standard	No Instruction	Get Stuck In	(71) Masaru UESUGI	(70) Kōta KANAZAWA	(70) Ryōhei IKEGAYA	(69) Shigenori TAKAOKA	(71) Tsuyoshi MIKURIYA	(70) Yūto HISAMATSU	(70) Akira KIRINO	(71) Hidenori NISHIZAWA	(69) Kaito ANNAKA	(70) Sōichi EGASHIRA	(69) Naoya KUMAZAWA	(68) Takahiro MANABE	(67) Kōsei TAMAKI	(67) Yūsuke KABUTO	(66) Jin ODAKA	(65) Osamu KARASAWA	#c83828	#f5efe0	Shinkeisei (36,955,000)	
SHR	AC Shirasagi	68	68.0	Wing Play	4-2-3-1	No Instruction	Shorter	Work Ball Into Box	No Instruction	Be More Expressive	No Instruction	Sometimes	No Instruction	No Instruction	Short	Standard	Standard	No Instruction	Stay On Feet	(70) Tetsuo YUKAWA	(68) Kensuke SHINKAI	(69) Manabu OGURI	(67) Shōgo TANIZAKI	(68) Yasushi KOBAYAKAWA	(69) Kentarō FUKUHARA	(67) Riku MAKIHARA	(68) Takuma SUGIHARA	(69) Hiroto NAKATSUKA	(67) Naoki HIGASHINO	(66) Yūma HAYAMI	(65) Toshiki YANAI	(65) Daigo MISAWA	(64) Kazuhiro TOKITA	(63) Sōma USHIKUBO	(62) Ryō ZAITSU	#f0f0f0	#1a4a38	Sagimino (465,000)	
KOR	Kōttamachi Kōrihama	67	67.0	Counter	4-4-2	Pass Into Space	More Direct	No Instruction	No Instruction	Be More Disciplined	Play for Set Pieces	Sometimes	Regroup	Counter	Long	Standard	Lower	Drop Off	Get Stuck In	(69) Hitoshi USHIJIMA	(67) Yūta AKIZUKI	(68) Kazutoshi HŌJŌ	(66) Nobuhiro AZUSAWA	(67) Takahiro CHIKARAISHI	(68) Ren SUGA	(66) Yoshiki TAWARA	(67) Daiki YAGAMI	(68) Shun OKUDA	(66) Kaito MOMOI	(65) Tsubasa NONAKA	(64) Yūji SUMIDA	(64) Naoto KUSANO	(63) Hayato TSUNODA	(62) Akira SEO	(61) Gō YABE	#6aafe6	#1a2030	Kōrihama (7,189,000)	
KCH	Kochōrin FC	66	66.0	Counter	5-3-2	No Instruction	More Direct	No Instruction	Be More Disciplined	Be More Disciplined	Play for Set Pieces	Sometimes	Regroup	Counter	Long	Lower	Lower	Drop Off	Get Stuck In	(68) Masanobu SAGAWA	(66) Kenji URAKAWA	(67) Tomohiko ICHINOSE	(65) Yūsuke KADOWAKI	(66) Shinya HOSAKA	(67) Takeru MOCHIDA	(65) Ryōsuke KANAI	(66) Naoki HATANAKA	(67) Kōhei SHIMAZU	(65) Itaru KITAJIMA	(64) Yūdai NARITA	(63) Shōta ISOBE	(63) Kazuki YAMAGISHI	(62) Rui TADA	(61) Michiya KAKEHASHI	(60) Tsuyoshi SHIGA	#6a2030	#3a5a6a	Kochōrin (3,236,000)	
KYO	Kyōmei	66	66.0	Balanced	4-4-2	No Instruction	Standard	No Instruction	No Instruction	No Instruction	No Instruction	Sometimes	Regroup	No Instruction	No Instruction	Standard	Standard	No Instruction	Get Stuck In	(67) Kiyoshi KAMIJŌ	(66) Naoya UEMURA	(66) Shūhei TAKENAKA	(65) Hidetoshi ŌSUGI	(67) Tatsuya SEKIGUCHI	(66) Yūki HAGIWARA	(66) Makoto KAWASE	(67) Daisuke TAKASHIMA	(65) Rentarō NEGISHI	(66) Yoshiki HIROSE	(65) Kanta ODA	(64) Sōhei INABA	(63) Takumi MUKAI	(62) Ryō SAKUMA	(62) Yasuo NAKAO	(61) Jun'ya TAKEMOTO	#c85a20	#2a2a3a	Shinkeisei (36,955,000)	
SKU	Shimin Kurabu	66	66.0	Balanced	4-3-3	No Instruction	Standard	No Instruction	No Instruction	No Instruction	No Instruction	Sometimes	No Instruction	No Instruction	No Instruction	Standard	Standard	No Instruction	Stay On Feet	(68) Toshiaki NAKANISHI	(67) Hiroyuki KOSAKA	(66) Masato ŌTSUKA	(65) Kōji NOZAKI	(66) Yūsuke ICHIKAWA	(66) Takashi USAMI	(65) Riku SUGIURA	(67) Naohiro KODAMA	(66) Shinpei MATSUBARA	(66) Yūta TABATA	(64) Hayato SANO	(63) Kenta HIRAOKA	(62) Shōji YUASA	(62) Daiki MURAI	(61) Osamu TANI	(60) Rui SAKATA	#d4522a	#2a4a2a	Shinkeisei (36,955,000)	
TEI	Teito Shinkeisei	65	65.0	Balanced	4-2-3-1	No Instruction	Standard	No Instruction	No Instruction	No Instruction	No Instruction	Sometimes	No Instruction	No Instruction	No Instruction	Standard	Standard	No Instruction	No Instruction	(67) Susumu YOKOTA	(65) Takuya KURODA	(66) Naoki KITAGAWA	(64) Yūhei ASAI	(65) Kazunori KAWAKAMI	(66) Ryōta HASEBE	(64) Sōta ITAGAKI	(65) Junpei TAKAHARA	(66) Kaito SHINOHARA	(64) Wataru MIYATA	(63) Shion FUNAKI	(62) Tomoya OCHIAI	(62) Kenji AZUMA	(61) Naoto SHIOMI	(60) Yūsuke KAJITA	(59) Rikuto DEGUCHI	#2c4a82	#c0a840	Shinkeisei (36,955,000)	
IST	Isshin Tekkō	65	65.0	Counter	4-4-2	No Instruction	More Direct	No Instruction	Be More Disciplined	Be More Disciplined	Play for Set Pieces	Sometimes	Regroup	Counter	Long	Lower	Standard	Drop Off	Get Stuck In	(66) Gengo KANEKO	(65) Masaki IWAMOTO	(65) Hiroshi TAKEUCHI	(64) Yoshinori HIRAI	(66) Katsuya ŌMORI	(65) Daisuke KUMANO	(65) Ryō NAKADA	(66) Shigeo MIYAKE	(64) Takumi SAKAI	(65) Naoya HORIKOSHI	(64) Kentarō ISHIGURO	(63) Yūta KOIKE	(62) Manabu SUDA	(61) Kō ARAI	(61) Toshio KAMEDA	(60) Jirō MOTOKI	#505058	#c85020	Harushige (5,491,000)	
NIS	Nishijin	64	64.0	Counter	4-1-4-1	No Instruction	More Direct	No Instruction	Be More Disciplined	Be More Disciplined	Play for Set Pieces	Constantly	Regroup	Counter	Long	Lower	Lower	Drop Off	Get Stuck In	(66) Shūji NISHINO	(64) Tomoya YANAGIDA	(65) Kazuhiko UTAGAWA	(63) Ryūta KASHIWABARA	(64) Nobuo SHIRAI	(65) Haruki TATSUMI	(63) Kenta KAWAHARA	(64) Yūsuke KONISHI	(65) Masato TORII	(63) Rikuya YAMAKAWA	(62) Sōta KITAMURA	(61) Hideo TSUKUDA	(61) Kazuma SHIMA	(60) Akihito ŌBA	(59) Yūto SAKASHITA	(58) Naoya IWASE	#4a4a4a	#8ab0d0	Itakeyaki (2,331,000)	