FORMATION	BAND	ENGINE	#1	#2	#3	#4	#5	#6	#7	#8	#9	#10	#11
4-2-4	GDDDDMMFFFF	GDDDDMMFFFF	GK	LB	CB	CB	RB	CM	CM	LW	ST	ST	RW
4-4-2	GDDDDMMMMFF	GDDDDMMMMFF	GK	LB	CB	CB	RB	LM	CM	CM	RM	ST	ST
4-3-3	GDDDDMMMFFF	GDDDDMMMFFF	GK	LB	CB	CB	RB	CM	CM	CM	LW	ST	RW
4-2-3-1	GDDDDMMMMMF	GDDDDMMMMMF	GK	LB	CB	CB	RB	DM	DM	AM	AM	AM	ST
4-1-4-1	GDDDDMMMMMF	GDDDDMFMMFF	GK	LB	CB	CB	RB	DM	LW	CM	CM	RW	ST
4-1-2-1-2	GDDDDMMMMFF	GDDDDMMMMFF	GK	LB	CB	CB	RB	DM	CM	CM	AM	ST	ST
4-3-2-1	GDDDDMMMMMF	GDDDDMMMMMF	GK	LB	CB	CB	RB	CM	CM	CM	AM	AM	ST
3-4-3	GDDDMMMMFFF	GDDDMMMMFFF	GK	CB	CB	CB	LM	CM	CM	RM	LW	ST	RW
3-5-2	GDDDMMMMMFF	GDDDDMMMDFF	GK	CB	CB	CB	LWB	CM	CM	CM	RWB	ST	ST
3-4-1-2	GDDDMMMMMFF	GDDDDMMDMFF	GK	CB	CB	CB	LWB	CM	CM	RWB	AM	ST	ST
5-3-2	GDDDDDMMMFF	GDDDDDMMMFF	GK	LWB	CB	CB	CB	RWB	CM	CM	CM	ST	ST