@	#	TEAM	OVR	PLAYSTYLE	FORMATION	TIME WASTING	GK PASSING	DL BEHAVIOR	#1	#2	#3	#4	#5	#6	#7	#8	#9	#10	#11	#12	#13	#14	#15	#16	Home	Away	LOCATION	STADIUM	LEAGUE
	DTK	Dunavárosi TK		Balanced	4-4-2	Sometimes	Long	Drop Off	Dávid PATAKY	Áron PAPP	Miklós SZLITLÁN	Sándor TELEKI	Lukács RÓZSA	György ERDŐS	Zsombor NYITRÁV	Lőrincz ORBÁN	Koppány TÁLCÁSY	Zsolt VADÁSZ	Johannn BAUMGARTNER [ALE]	Konrád NEMES	Csongor PÁSZTOR	Milán SZENTESY	Ádám KISS	Nimród SOMOGYI	#109436	#000000	Szerencsehely	Vasvári Aréna (25,000)	Turulországi Felsőliga
	UKH	Újkeleti Hajós SK		Zona Mista	4-1-2-1-2	Sometimes	Long	No Instruction	Rajmond KONDÁCS	Dániel ALMÁDY	Marczell SZATMÁRI	Henrik SZŰCS	Lajos SZALAY	Kornél SÓS	Zoltán NAGYFALVI	Tamás INDÁSY	Balázs BARÁTH	Béla KUN	Péter LIPÓT	Márton HERCZEG	Ferenc LISZTES	Gábor SZELÍD	Attila SLUSZTER	Carlós TORRES [REI]	#59156E	#FFFFFF	Szerencsehely	Folyami Hajóstadion (18,000)	Turulországi Felsőliga
	TTK	TTK Szerencsehely		Wing Play	4-3-3	Never	Short	Offside Trap	Ferencz TÓTH	Attila KOVÁCS	János JUHÁSZ	Péter MÁKOS	Ákos TANYASI	Lajos NAGY	Ernő KONCZ	Árpád GULYÁS	Viktor HENTES	István MAGVASI	Flórián LOSONCZY	Károly PATAKOS	Márton MÉSZÁROS	Márk TAPOLCZAI	Dominik DÉLVÖLGYI	Valter FEHÉR	#0F1FBA	#FFFFFF	Szerencsehely	Parlament Utcai Stadion (21,000)	Turulországi Felsőliga
	PSK	Pélyes SK		Balanced	4-2-4	Never	Short	Step Up	László BÁTHORY	István VAKOND	Károly NEDVÁRY	Balázs HALÁSZ	Dominik TÓTH	Zsigmond ZÁSZLÓS	Gyula ALMÁN	Kálmán POCZKAY	Imre NAGYVÁRADI	Bencze RUDÁN	Dömötör BOROSTYÁN	Matúš CÍZIK [NIT]	Nándor BÖLCS	Dezső MAKKOS	Zalán TRESZNYIK	Botond OLÁH	#000000	#F01F1F	Pélyes	Vásár Téri Stadion (12,000)	Turulországi Felsőliga
	KDH	Kisdunavári Honvéd		Vertical Tiki-Taka	4-3-3	Never	Long	Step Up	Zsigmond FEKETE	Norbert FEJES	Ármin GYENES	Dénes PÁKOZDY	László MÓRICZ	Elemér LAKÓCZY	Benedek ARANY	Gáspár SLATTICS	Gergely VÁNDOR	Kristóf TALAJOS	László CSIKÓS	Miklós TÓTH	Alex SÁRKÁNYDI	Ottó TAVASY	Csaba BÉKÉS	Roland DEMJÉN	#B00C0C	#000000	Szerencsehely	Honvéd Stadion (33,000)	Turulországi Felsőliga
	SZV	Szegvári Vasutas		Park The Bus	4-3-3	Constantly	Short	Drop Off	Máté SZALKA	Olivér SELYMES	Vilmos PARASZT	Mátyás HAVASY	Ármin RÁCZ	Bálint SÁNDOR	Bertód LAKATOS	Tibor PINTÉR	József HAJDÚ	Gergely FARKAS	Boldizsár MÁTRAI	Iván PETROVICS	Luca BAREGHI [VIC]	Jakab KÜRTÖS	Endre SZENT	Ferenc KERESZTES	#1E90BD	#FFC400	Szegvár	Vasutas Labdarúgó Aréna (17,000)	Turulországi Felsőliga
	VTC	Fehérvárosi VTC		Zona Mista	4-4-2	Never	Long	Offside Trap	Gergő HARCSÁSY	Albert ORVOS	Mihály CIPÉSZ	Sándor VERES	Patrik CSILLAG	Róbert SZIVACSOS	Domonkos KOVÁCS	Simon GABONÁS	Szilveszter NÁDOR	Rudolf SZIMONDY	Géza SZAKÁCS	Barnabás LABANCZ	Noel KARÁCSONY	Kevin SZALONNÁS	Antall KEREKES	Szilárd SERTÉS	#1F6E15	#000000	Fehérváros	Fehérvárosi Labdarúgó Stadion (8,000)	Turulországi Felsőliga
	DBZ	Dobrezliemi Turulok		Balanced	4-4-2	Never	No Instruction	Offside Trap	Benjámin DREIMANN	Erik BALTÁS	Barna TÖLGYESSY	Pál GERENDÁSY	Bendegúz NAGY	Csanád APÁCA	István TÓTH	Szabolcs MEZEI	Alexander VÉSZTŐI	Botond SZARVASY	John POACHER [ELV]	János VADÁSZ	Ernő NEMECSEK	Aladár MÉZGA	Frigyes KENYERES	Ignácz PÉK	#FFFFFF	#F01F1F	Dobrezliem	Turulfészek Stadion (3,500)	Turulországi Felsőliga
	SBE	Sombáthar Előre 1900		Park The Bus	5-3-2	Constantly	Short	Drop Off	Kelemen TÁRSAS	Hunor BALACSIK	Mór UTCAI	Ödön KOLOSTOROS	Rezső SZALKAY	Sebestyén FÁBIÁN	Titusz PORACSEK	Tivadar SZERCSENY	Ferenc SZABÓ	László MOLNÁR	Desző BALOGH	Péter TAKÁCS	Rezső BALÁZS	Elemér BALÁZS	János VITÉZ	József GÁL	#109436	#FFFFFF	Sombáthar	Előre 1900 Aréna (6,300)	Turulországi Felsőliga
	CSR	Csernovic HTK		Control Possession	4-2-3-1	Never	Short	Drop Off	Zsombor TANYASI	Ádám RÁCSOS	Norbert PETREZSELYEM	Nándor TELEKES	Róbert BARCSAY	Ferencz ÁCS	József KŐSZEGI	Gyula PAPP	Krisztián BÁRKÁSY	Hans TENBURGER [ALE]	Radovan DOBROVODSKY [NIT]	Zoltán EZÜST	Péter KARAJ	Ferencz SZŰCS	Oszkár KISFALUDY	Károly SZIDÁNY	#B00C0C	#000000	Csernovic	Határőr Stadion (1,900)	Turulországi Felsőliga
	SZT	Szatmár SK		Wing Play	4-2-3-1	Constantly	Long	Step Up	Árvin KODÁLY	Árpád HALASDY	István BARTA	Dénes KENDER	Miklós MOCSARAS	Rajmond BÁCSZEGI	Walter KATONA	Márk VÍGH	Leó CSÁSZÁR	Ernő SZALAGOS	Nimród SZEGVÁRI	Baltazár NÉMETH	Vilmos KOVÁCSEVICS	Balázs GIVROCSICS	Vilmos ÁCS	Yriö POHJOLAINEN [KAR]	#FFC400	#000000	Szatmár	SZSK Aréna (9,000)	Turulországi Felsőliga
	MTZ	Matróz TSK		Zona Mista	5-3-2	Sometimes	Long	Offside Trap	Mártin TÓTH	Bertalan KORMOS	Botond LIVÓN	Ernő ERDŐS	Péter MÁRVÁNYOS	Roland KARDOS	Márton SZÉNÁS	Csaba DOBOZOS	Ezrael VÍZSZEGI	Alvin BÚZÁS	Francisco JUÁREZ [REI]	Alpár ZAKOSDY	Huba TORNÁCZ	Farkas VADÁSZ	Elek ÁRPÁS	Ajnár SZILAJ	#211B63	#FFFFFF	Délivár	Havasi József Stadion (4,000)	Turulországi Felsőliga