@	#	TEAM	OVR	PLAYSTYLE	FORMATION	APPROACH	PASSING	CHANCES	DRIBBLING	CREATIVITY	TIME WASTING	POS. LOST	POS. WON	GK PASSING	PRESSING	DEF. LINE	DL BEHAVIOR	TACKLING	#1	#2	#3	#4	#5	#6	#7	#8	#9	#10	#11	#12	#13	#14	#15	#16	Home	Away	LOCATION	STADIUM	LEAGUE
	PAS	Pas Nourabad	68.9	Tiki-Taka	4-3-3	Play Out of Defence	Shorter	Work Ball Into Box	Be More Disciplined	Be More Expressive	Never	Counter-Press	Hold Shape	Short	Higher	Higher	Step Up	Stay On Feet	(84) Vahid LORESTANI	(74) Eskandar DEHGHAN	(68) Mohsen TABRIZI	(63) Reza MOZAFFARI	(64) Sohrab KARIMZADEH	(75) Sōta WAKATSUKI [NCH]	(70) Maziar SEHAT	(66) Behzad POURMEHRDAD	(80) Ashkan MAHDAVI	(80) Hajime MORIMOTO [NCH]	(68) Vahram NOURI	(55) Shadmehr GHARIBIAN	(58) Tahmoures AHSHARI	(66) Hormoz ERSHADI	(65) Jamshid RAZAVI	(67) Nader DANESHI	#0D6E3E	#F5F5F5	Nourabad (1,785,000)	Varzeshgāh-e Peymān (28,000)	Liga-ye Mellī
	NSR	Al-Nasr Golzar	67.9	Wing Play	4-2-3-1	Pass Into Space	More Direct	No Instruction	Run At Defence	Be More Expressive	Never	Counter-Press	Counter	Short	Much Higher	Higher	Offside Trap	Stay On Feet	(66) Faisal AL-DOSARI	(65) Turki IBN SHAMMARI	(64) Hishaam SADEK	(76) Kōhei GUSHIKEN [NCH]	(63) Majed AL-OTAIBI	(78) Loïc KERVADEC [ARV]	(63) Jaadallah EL-FARID	(77) Bartosz JASTRZĘBSKI [SID]	(78) Silas DAVIS [ESU]	(76) Ziyad SUBAIE	(79) Raleigh PRESTON [ESU]	(60) Waleed AL-ANAZI	(59) Fawaz AMRI	(62) Mishal MALKI	(61) Badr YAMI	(60) Yazeed AL-BRAIK	#F0C808	#1B3FA0	Golzar (7,416,000)	Varzeshgāh-e Savārān (34,000)	Liga-ye Mellī
	SKH	Sepāh Kuhestan	69.4	Gegenpress	4-3-3	Pass Into Space	Standard	No Instruction	Run At Defence	Be More Expressive	Never	Counter-Press	Counter	No Instruction	Much Higher	Higher	Step Up	Get Stuck In	(78) Kai OUYANG [NCH]	(79) Tadhana BATUMBAKAL [SGD]	(73) Ardalan DANESH	(73) Ryōhei IWAKUMA [NCH]	(73) Rintarō KIYOMIZU [NCH]	(82) Takeru MIKADO [NCH]	(72) Mehran SHAHI	(75) Tole-Buqa INALCHI [NCH]	(70) Kaveh BAHMANI	(77) Alex KACZMAREK [RUD]	(62) Parviz GHADERI	(61) Farzin KHOSRAVI	(54) Nima SARMAST	(65) Vandad TABRIZI	(64) Amir YOUSEFI	(52) Ebrahim AKBARI	#C8232A	#0A0A0A	Kuhestan (6,300,000)	Varzeshgāh-e Foulād (40,000)	Liga-ye Mellī
	DAR	Daryā Shushabad	64.1	Balanced	4-3-3	No Instruction	Standard	No Instruction	No Instruction	Be More Disciplined	Sometimes	No Instruction	No Instruction	No Instruction	Standard	Standard	No Instruction	No Instruction	(59) Manuchehr PIRZAD	(73) Parviz TAHMASB	(64) Arash DAVIDI	(62) Hushang MANSOUR	(63) Kourosh TAHMASEBI	(67) Fereydoun VATANKHAH	(68) Sasan BAYAT	(74) Siavash MEHRIAN	(75) Yuto ŌTANI [NCH]	(70) Dariush KARIMI	(74) Valterri Lehtonen [KAR]	(55) Tahmoures SAADAT	(54) Vandad TAVAKOLI	(65) Bahram ALIABADI	(52) Esfandiar HAJIPOUR	(51) Omid GHORBANI	#1A2847	#F4EBD4	Shushabad (1,720,000)	Meydān-e Bandar (26,000)	Liga-ye Mellī
	NAQ	Naqsh Gandomabad	62.3	Tiki-Taka	4-3-2-1	Play Out of Defence	Much Shorter	Work Ball Into Box	Be More Disciplined	Be More Expressive	Never	Counter-Press	Hold Shape	Short	Higher	Higher	Step Up	Stay On Feet	(62) Siamak GOLBAF	(61) Parsa ABRISHAM	(62) Shahram TARHKAR	(60) Farzad RANGRAZ	(59) Arsham NAKHRIS	(68) Omar KHAYYAM	(69) Kaito ANNAKA [NCH]	(71) Renji YAMASE [NCH]	(66) Yashar SHANEH	(68) Artin DARBAF	(63) Sina GEREH	(55) Aryan PARDEH	(56) Zand ATLAS	(61) Mani NAQSHBAND	(57) Soheil CHELESH	(58) Kasra QALAMKAR	#A8342A	#2E4372	Gandomabad (2,560,000)	Meydān-e Naqsh (18,000)	Liga-ye Mellī
	DGD	Dasht Gandomabad	62.6	Tiki-Taka	4-3-3	Play Out of Defence	Shorter	Work Ball Into Box	Be More Disciplined	Be More Expressive	Never	Counter-Press	Hold Shape	Short	Higher	Higher	Step Up	Stay On Feet	(71) Chahrokh NASSIRIAN	(68) Kianoush BAHARI	(62) Mehrzad GANDOMI	(61) Hushmand QAJAR	(60) Nima RAAD	(63) Ozhan DERAKSHANI	(68) Davoud KHEYBARI	(66) Jahanbakhsh PAHLAVĀNI	(69) Tourang KHĀNLARI	(63) Navid LOFTI	(69) Nikan SAHRĀYI	(54) Vahed MARDAKI	(57) Pouya AHOOYI	(62) Emad ASKARI	(53) Ehsan MOKHTARI	(55) Orod SOLTANI	#7A1F2B	#EDE4D0	Gandomabad (2,560,000)	Varzeshgāh-e Gandom (30,000)	Liga-ye Mellī
	AZA	Āzādī Rāhgozar	62.6	Wing Play	4-3-3	Pass Into Space	More Direct	No Instruction	Run At Defence	Be More Expressive	Never	Regroup	Counter	Long	Standard	Standard	Drop Off	Get Stuck In	(61) Rostam MEHRDADIAN	(70) Sohrab BOZORGI	(62) Kamran VAKILI	(63) Manuchehr KHORRAMI	(61) Jamshid MOMENI	(69) Bijan SHAKIBAII	(66) Nariman FREYDOONI	(67) Hormoz BLOURIAN	(73) Tirdad MANSOURI	(73) Farhad ADELSTEIN	(70) Jahangir MOZAFARI	(54) Vahram YAZDANI	(55) Peyman FOROUZANDEH	(53) Hooman MEHRGAN	(52) Esfandiar ROUINTAN	(53) Omid KHOSHNAM	#128C8C	#F4EBD4	Rāhgozar (123,000)	Ārāmgāh-e Āzādī (9,000)	Liga-ye Mellī
	SHU	Al-Shu'la Golzar	62.4	Gegenpress	3-4-3	Pass Into Space	Much More Direct	Shoot On Sight	Run At Defence	Be More Expressive	Never	Counter-Press	Counter	Long	Much Higher	Higher	Step Up	Get Stuck In	(62) Saud NAKHLI	(64) Khalid AL-SAHLI	(63) Fahad FARAJ	(62) Nasser HAMDAN	(64) Adel AL-DAKHIL	(63) Muhannad AL-RAML	(65) Rayan KHATHLAN	(62) Hattan AL-SHEHRI	(65) Abdulrahman AL-BISHI	(64) Naif KHALDI	(63) Omar TAMIMI	(60) Ali AL-SHUAIBI	(61) Yousef AL-MARRI	(60) Ammar AL-BAQAMI	(62) Zaid AL-HAZMI	(59) Osama AL-NAJEM	#141414	#E5601F	Golzar (7,416,000)	Meydān-e Pālāyesh (21,000)	Liga-ye Mellī
	DAN	Dāneshgāh Golestan	57.6	Tiki-Taka	4-3-3	Play Out of Defence	Shorter	Work Ball Into Box	Be More Disciplined	Be More Expressive	Never	Regroup	Hold Shape	Short	Standard	Standard	Drop Off	Stay On Feet	(58) Jahangir KERAMATI	(59) Danial RAAD	(62) Farbod YAZDANI	(58) Shervin SHOJAII	(57) Bardia TABESH	(59) Anoush SADEGHI-POUR	(60) Delshad OSTĀADI	(62) Hooshyar SOROUSH	(64) Tirdad BEHDĀD	(58) Farzin ROSHANI	(67) Nikan MEHRĀZAR	(52) Vuqar YEGĀNI	(53) Navid MIRZAII	(52) Jaffar KHOSHFEKR	(51) Ehsan VAHDAT	(50) Orod DARYĀEI	#0A0A0A	#9AA0A6	Golestan (114,000)	Meydān-e Dāneshgāh (8,000)	Liga-ye Mellī
	EST	Esteghlāl Sabzavar	60.3	Wing Play	4-4-2	Pass Into Space	More Direct	No Instruction	Run At Defence	No Instruction	Sometimes	Regroup	Counter	Long	Standard	Standard	Drop Off	Get Stuck In	(59) Behnam SARZERI	(60) Milad KHORAKI	(65) Mohammad Reza PAHLAVI	(63) Kourosh ABEDI	(58) Hamid GOSHIR	(71) Kaveh REZGHI	(62) Arsalan KHEYBARI	(61) Sohrab GANDOMZAR	(62) Cyrus PAZDAR	(60) Fardin MEHRGAN	(69) Zareen FAHRZAN	(53) Vahid KHOSHZENDEGI	(54) Pouria SAHRĀYI	(55) Heshmat RAZAVI-FAR	(53) Jahan SARAFRĀZ	(59) Obaid YEKTAI	#2E8B2E	#F2C500	Sabzavar (1,452,000)	Meydān-e Kesht (20,000)	Liga-ye Mellī
	MEH	Mehrāvar AC	58.7	Balanced	4-4-2	No Instruction	Standard	No Instruction	No Instruction	No Instruction	Sometimes	Regroup	Counter	Long	Standard	Standard	Drop Off	No Instruction	(69) Erik RATAS [SKJ]	(58) Mazyar SASANIAN	(57) Ramtin AVESTANI	(56) Darab PĀRIGURI	(58) Arman SPAHANI	(57) Bardia MEHRJUI	(63) Shahin CYRUSI	(64) Tourang ASYABAN	(57) Farzam KAVEHGAR	(68) Nikan OSTŪRI	(62) Jahan MASHAYEKHI	(64) Farshid BINA	(53) Jamshid KHORDADI	(52) Ehsan YAZDGARDI	(51) Orod PĀRIDUYANI	(50) Houman TIRGAN	#C8A84B	#6B4A2B	Mehrāvar (111,000)	Ārāmgāh-e Kohan (7,000)	Liga-ye Mellī
	KEM	Ketāb-e Mehr	52.6	Counter	5-3-2	No Instruction	More Direct	No Instruction	Be More Disciplined	Be More Disciplined	Constantly	Regroup	Counter	Long	Much Lower	Lower	Drop Off	Get Stuck In	(61) Kamyar TAROKH	(54) Mehrab NASHRIYĀT	(53) Setareh RADAHN	(55) Mazdak SAFAVI	(55) Arman DANESHMAND	(54) Bahador ROSHANFEKR	(53) Danial SOKHANVAR	(52) Shahriar DAFTARI	(53) Tourang MAQĀLI	(54) Farbod KALAMI	(51) Orod VĀZHE	(49) Varshasb TARJOMĀNI	(50) Pourang KHOSHTIN	(49) Jahan SHOKOUFEH	(48) Ehsan SOTŪDEH	(50) Mehrzad ZAMANI	#C8232A	#F4EBD4	Ketābshahr (691,000)	Meydān-e Ketāb (12,000)	Liga-ye Mellī
	AHA	Āzarakhsh Āhanshahr	57.1	Gegenpress	4-3-3	Pass Into Space	More Direct	Work Ball Into Box	Be More Disciplined	Be More Expressive	Never	Counter-Press	Counter	Short	Higher	Much Higher	Step Up	Stay On Feet	(59) Kian FOROUGH	(59) Sina PARTOW	(58) Farzin SIMKESH	(59) Yashar NIROOMAND	(58) Bahador AFRUZ	(60) Hossein SINA	(58) Artin BARQI	(57) Zand JARAYAN	(58) Parsa TAABESH	(59) Kasra SHARAREH	(57) Aryan TAVAAN	(54) Mani CHERAGH	(55) Behrouz SIMBAND	(54) Soheil GERMAI	(55) Ashkan MOVALED	(54) Rasoul ATASH	#FFE01B	#1A1A1A	Āhanshahr (1,620,000)	Meydān-e Barq (14,000)	Liga-ye Bālande
	TAR	Tarāzu Dashtvār	56.8	Balanced	3-5-2	Pass Into Space	More Direct	No Instruction	Run At Defence	Be More Expressive	Sometimes	Regroup	Counter	No Instruction	Standard	Standard	No Instruction	No Instruction	(62) Idris KATIB	(59) Munir MIZAN	(58) Sabah JUMRUK	(57) Wathiq AL-KAYYAL	(58) Hazim WAZZAN	(57) Ubayd AL-DAFTAR	(61) Hunayn IBN ISHAQ	(57) Sadiq KHATTAT	(56) Rafiq AL-QAYD	(58) Muthanna RASIF	(57) Sayf AL-HAMMAL	(53) Nazim SIJILL	(54) Amir AL-MUFATTISH	(55) Talib BARID	(54) Ghassan AL-TABI	(53) Wasim MAKHZAN	#0B4A34	#B08D3F	Dashtvār (1,570,000)	Meydān-e Gomrok (17,000)	Liga-ye Bālande
	HOM	Homā Nourabad	58.7	Wing Play	4-2-4	Pass Into Space	Much More Direct	Shoot On Sight	Run At Defence	Be More Expressive	Never	Regroup	Counter	Long	Standard	Standard	Step Up	Stay On Feet	(58) Arya BADPA	(63) Kasra SHAHBAZ	(58) Nima PARVANEH	(57) Zand OJ	(62) Parsa SHAHIN	(57) Farzad CHARKH	(56) Bahador KANARI	(66) Abbas FIRNAS	(62) Shahram TIZPAR	(61) Artin OQAB	(65) Sina PARANDEH	(54) Mani ASEMAN	(53) Kian BOLANDI	(55) Behrouz CHARHZAN	(57) Aryan SHAHPAR	(55) Yashar BALPARAN	#7EC8E3	#C3C9CE	Nourabad (1,785,000)	Meydān-e Parvāz (15,000)	Liga-ye Bālande
	SRD	Sarsabz Dorudgar	59.6	Counter	4-4-2	Pass Into Space	More Direct	No Instruction	Run At Defence	No Instruction	Sometimes	Regroup	Counter	Long	Lower	Standard	Drop Off	Get Stuck In	(60) Bahman PARASTUI	(60) Mehrdad HASHEMI	(62) Rostam MANSOURI	(59) Kambiz YEKTABAR	(70) Kunibert HAASE [ALE]	(61) Behnam HASSAN-ZADEH	(62) Dariush KARIM-POUR	(60) Ardeshir FAISALI	(63) Sohrab KHALIDI	(62) Mansour RAYEGAN	(66) Hamed NAJAFI	(58) Nariman BEHNOUSH	(53) Manuchehr BEHDAD	(52) Faramarz QADERI	(54) Ehsan YEKTAI-FAR	(51) Orbalaye Mohammadi	#5B9BD5	#234A6B	Dorudgar (847,000)	Meydān-e Nakhlestān (16,000)	Liga-ye Bālande
	TND	Tondar Kuhestan	58.4	Balanced	4-1-4-1	Play Out of Defence	Standard	Work Ball Into Box	Be More Disciplined	Be More Disciplined	Sometimes	Regroup	Hold Shape	Short	Lower	Standard	Drop Off	Stay On Feet	(63) Keyvan RAHNAVARD	(62) Garshasp BONYADI	(63) Iraj SHAHVAND	(61) Mihran DASTGERD	(60) Qobad ZARRINKAFSH	(61) Ardavan POLADVAND	(59) Narseh MOSTOWFI	(60) Sanjar HAMRAH	(58) Borzu YEKRANG	(57) Karan SHATERI	(56) Omah AZIR	(55) Yazdan SARBAND	(56) Simak PAYDAR	(54) Tus GERAYELI	(57) Farrokh ANDISHEH	(53) Dadmehr KHATTI	#1E7A45	#3A3F44	Kuhestan (6,300,000)	Meydān-e Rāh-Āhan (19,000)	Liga-ye Bālande
	DFK	Derafsh FC	57.4	Counter	5-3-2	Pass Into Space	Much More Direct	No Instruction	Be More Disciplined	No Instruction	Constantly	Regroup	Counter	Long	Much Lower	Lower	Drop Off	Get Stuck In	(61) Zal KOHGARD	(64) Gudarz SANGSHEKAN	(63) Khashayar BARZKUH	(62) Vishtasp TAFTAN	(60) Goshtasp AHANGAR	(59) Bozorgmehr DAMAVAND	(55) Sam KAVIYAN	(54) Anushirvan MARGHZAR	(53) Piruz SHIRKUH	(60) Zavareh TIRANDAZ	(57) Iman KANDAN	(54) Ragheb SANGVAR	(55) Narsi POLAD	(53) Kambakhsh AVAZ	(52) Shirzad KOHBAND	(56) MARDAVIJ TABAR	#BD4444	#F1DEC4	Kuhestan (6,300,000)	Ārāmgāh-e Kāvi (16,000)	Liga-ye Bālande
	BOL	Bolur Sabzavar	55.0	Wing Play	4-4-2	Pass Into Space	More Direct	No Instruction	Run At Defence	No Instruction	Sometimes	Regroup	Hold Shape	Long	Standard	Standard	Drop Off	Get Stuck In	(55) Sohrab PALAYESH	(58) Mehran DEGDAN	(56) Kaveh BOLURI	(55) Farshad QAND	(57) Nima TASFIYEH	(56) Peyman NEYBOR	(54) Vahid SHEKARRIZ	(53) Ramin DEGCHI	(57) Hooman PARVAREH	(60) Sepehr QALEB	(58) Milad SARBOLAND	(51) Payam Joshan	(52) Arash NABAT	(51) Kamran DUDKESH	(53) Navid SHERBAT	(54) Omid SHAKARI	#6E2233	#7A9A3C	Sabzavar (1,452,000)	Meydān-e Bolur (12,000)	Liga-ye Bālande
	FOU	Foulād Āhanshahr	57.4	Counter	4-4-2	Pass Into Space	More Direct	No Instruction	No Instruction	No Instruction	Sometimes	Regroup	Counter	Long	Lower	Lower	Drop Off	Get Stuck In	(58) Hormoz MOTTAGHI	(59) Khosro HEYDARI	(74) Titus HOCHBERG [ALE]	(56) Danial MESKINI	(60) Rashid BAHMANYAR	(57) Afshin LAKZĀYI	(58) Behrad PAKUH	(57) Nader KIANIAN	(63) Shervin POURNEJAD	(58) Tourang SOLTANI-POUR	(56) Farbod GHADERI	(52) Nader KESHAVARZ	(55) Kian ABDI	(54) Kaveh MOHEBI	(52) Jahid HAJATI	(50) Ehsan SARBĀZI	#2A5CAA	#33383D	Āhanshahr (1,620,000)	Kāregar Meydān (24,000)	Liga-ye Bālande
	BAZ	Bandar-e Āzādport	56.6	Counter	5-3-2	Pass Into Space	More Direct	Shoot On Sight	No Instruction	No Instruction	Sometimes	Regroup	Counter	Long	Lower	Lower	Drop Off	Get Stuck In	(57) Sohail DIBA	(60) Behnam PASDAR	(56) Reza KHORSHIDI	(58) Kambiz GOLCHIN	(59) Bardia SORKHĀBI	(56) Dara MOSAFFA	(55) Arsalan SHARIF	(54) Jahan RADISH	(56) Taghi HASHEMI-FAR	(66) Farbod ROOHI	(65) Navid LASHKARI	(51) Majid HEKMAT	(52) Payam ESMAILI	(53) Shahin BLOURIAN	(52) Kian SHOKOOHI	(55) Orod POURAHMADI	#5E2A84	#C9B6DC	Āzādport (470,000)	Meydān-e Āzād (11,000)	Liga-ye Bālande
	BDS	Bādbān	55.1	Counter	4-4-2	Play Out of Defence	Shorter	Work Ball Into Box	Be More Disciplined	No Instruction	Sometimes	Regroup	Counter	Short	Lower	Standard	Drop Off	Stay On Feet	(59) Salim AL-BAHRI	(62) Carmel Waley	(60) Ranen Mocatta	(59) Jamal AL-SAYYAD	(58) Ahmad IBN MAJID	(54) Hilal AL-SHIRAA	(53) Zayit BLOOM	(52) Tariq AL-NAWTI	(53) Ammar AL-SHABAK	(55) Feivel WEIZMAN	(56) Qais AL-LULU	(52) Faris QARIB	(55) Hamza SAHIL	(51) Aitan SASSOON	(50) Bilal AL-FANAR	(52) Anwar SADAF	#FFFFFF	#2E8B76	Shushabad (1,720,000)	Meydān-e Sāhel (11,000)	Liga-ye Bālande
	MVA	Morvārid Āvanak	53.9	Tiki-Taka	4-1-2-1-2	Play Out of Defence	Shorter	No Instruction	Be More Disciplined	Be More Disciplined	Sometimes	Regroup	Hold Shape	Short	Standard	Standard	Drop Off	Stay On Feet	(54) Khalaf AL-HASSAT	(54) Suwayd MAHHAR	(55) Matar QUMASHA	(53) Juma TAWWASH	(52) Rashid AL-BURI	(55) Ubayd NAHHAM	(59) Saqr AL-DANA	(57) Hamdan MAJRA	(58) Butti AL-YASRA	(55) Thani GHAWS	(54) Sultan AL-SAFA	(50) Mubarak AL-KHAYT	(51) Salmin JALIB	(53) Darwish SAHIL	(52) Obaid AL-HIYRAT	(51) Rashed MASHTA	#FFFFFF	#1F4E5F	Āvanak (1,186,000)	Meydān-e Morvārid (13,000)	Liga-ye Bālande
	KRV	Kārvān FC	50.7	Counter	5-3-2	No Instruction	More Direct	No Instruction	Be More Disciplined	No Instruction	Constantly	Regroup	Counter	Long	Much Lower	Much Lower	Drop Off	Stay On Feet	(58) Jubayr MANZIL	(56) Mansur AL-HUDA	(58) Ibrahim JAMMAL	(54) Hilal AL-QAFILA	(53) Dhiyab MARHALA	(52) Salih AL-RAWIYA	(48) Ghanim AL-KHAN	(47) Muhsin AL-SABIL	(46) Nasir AL-DALIL	(54) Ibn BATTUTA	(49) Fahd AL-SARRAJ	(48) Turki MIQBAS	(49) Awad AL-WAHA	(45) Mutlaq BAYDA	(46) Salman AL-SAMM	(48) Nayif AL-TARIQ	#C88A2E	#6B2020	Qasr-e Tājir (730,000)	Meydān-e Kārvān (8,000)	Liga-ye Bālande