#	PLAYER	POS	TEAM	GP	G		#	PLAYER	POS	TEAM	GP	A		#	PLAYER	POS	TEAM	GP	RTG		#	PLAYER	POS	TEAM	GP	CC		#	PLAYER	POS	TEAM	GP	DC		#	PLAYER	POS	TEAM	GP	S
1	Arnold Bjarnfreðsson	FWD	TAK	4	4		1	Wenkai Zhao	MID	KOS	2	2		1	Tatsuya Okuyama	DEF	MRG	1	8.3		1	Genta Obinata	MID	TAK	4	8		1	Began Andersen	DEF	SHZ	4	19		1	Juhani Hämälainen	GK	AYA	5	33
2	Yavuz Koç	FWD	SHM	2	3		2	Sixten Karlsson	MID	SPK	2	2		2	Hayato Sagami	FWD	MRG	1	7.9		2	Shōhei Kaburagi	MID	TAK	4	7		2	Tōgo Tanioka	MID	SHZ	4	19		2	Nikolaos Papadopoulos	GK	VIR	5	24
3	Shō Itoshi	FWD	SPK	2	3		3	Kōhei Asamura	FWD	MAK	3	2		3	Gen Suematsu	MID	MRG	1	7.8		3	Aurélien Pasquier	MID	SHZ	4	7		3	Erlend Mikkelsen	MID	SHZ	4	18		3	Yūya Tachikawa	GK	RYO	2	15
4	Eito Dōmeki	MID	MAK	3	3		4	Shōhei Kaburagi	MID	TAK	4	2		4	Johan De Ridder	DEF	SSK	1	7.8		4	Tatsuya Okuyama	DEF	MRG	1	6		4	Kenshirō Unagami	DEF	SHZ	4	17		4	Basem Shenouda	GK	SHZ	4	14
5	Themistoklis Zervas	MID	VIR	5	3		5	Miltiadis Galanis	FWD	VIR	5	2		5	Diego Montenegro	DEF	CHU	2	7.7		5	Chaghagan Uua Uder	MID	ORU	3	6		5	Genta Obinata	MID	TAK	4	16		5	Ren Ikegami	GK	BGE	1	13
6	Miltiadis Galanis	FWD	VIR	5	3		6	Luca Higashiyama	MID	VIR	5	2		6	Junya Narahara	MID	SHM	2	7.7		6	Arslanbaatar Ganbold	MID	ORU	3	6		6	Hajime Ōyama	MID	AYA	5	15		6	Akihisa Kubo	GK	FCH	2	13
7	Jun'ichi Teraoka	FWD	RYO	2	2		7	Tatsuya Okuyama	DEF	MRG	1	1		7	Yavuz Koç	FWD	SHM	2	7.7		7	Itsuki Toguchi	MID	AYA	5	6		7	Haruto Kido	MID	SHZ	4	14		7	Jordan Stanford	GK	SPK	2	12
8	Akihiro Kaibara	FWD	CHU	2	2		8	Ryūhei Kuriyama	MID	MRG	1	1		8	Sixten Karlsson	MID	SPK	2	7.6		8	Sviatoslav Boyko	MID	NAG	2	5		8	Hiromu Furuhashi	FWD	SHZ	4	14		8	Semyon Volkov	GK	TAK	4	12
9	Junya Narahara	MID	SHM	2	2		9	Hayato Sagami	FWD	MRG	1	1		9	Shūji Kannazuki	GK	KAN	1	7.5		9	Sixten Karlsson	MID	SPK	2	5		9	Diego Montenegro	DEF	CHU	2	13		9	Kenzō Fujinami	GK	KOS	2	10
10	Ryōsuke Tsugawa	FWD	KOS	2	2		10	Drake Kessler	MID	NIK	1	1		10	Katsunori Haneda	DEF	MAT	2	7.5		10	Nuno Gouveia	MID	SPK	2	5		10	Buri Bulchiru Kaishan	MID	ORU	3	13		10	Miklós Nagy	GK	ISS	2	10
11	Yōhei Takigawa	FWD	SPK	2	2		11	Hiro Oshiro	MID	DYM	1	1		11	Shō Itoshi	FWD	SPK	2	7.5		11	Raffaele Lucchese	MID	ISS	2	5		11	Yūto Shiranui	DEF	SHZ	4	13		11	Parnell Chee	GK	NIK	1	9
12	Kyōsuke Komine	FWD	ISS	2	2		12	Sadao Garabin	MID	KAN	1	1		12	Kōzō Fujise	DEF	DYM	1	7.5		12	Buri Bulchiru Kaishan	MID	ORU	3	5		12	August Rittenhouse	MID	VIR	5	13		12	Ryūnosuke Chimura	GK	MAK	3	9
13	Bürgedei Dashnyam	FWD	ORU	3	2		13	Gakuto Minamikawa	MID	SUM	1	1		13	Kenichi Mitsui	FWD	DYM	1	7.5		13	Taishi Inomata	DEF	MAK	3	5		13	Yūta Kamogawa	MID	TAK	4	12		13	Shūji Kannazuki	GK	KAN	1	8
14	Kouki Totsuka	FWD	MAK	3	2		14	Johan De Ridder	DEF	SSK	1	1		14	Levi Nez	FWD	SUM	1	7.5		14	Yūta Kamogawa	MID	TAK	4	5		14	Masaki Togawa	DEF	TAK	4	12		14	Haruki Edagawa	GK	SUM	1	8
15	Édouard Szymański	MID	TAK	4	2		15	Kōtarō Unno	FWD	KAM	1	1		15	Teruki Saruwatari	MID	SSK	1	7.5		15	Haruto Kido	MID	SHZ	4	5		15	Warrik Wirandaru	DEF	SHZ	4	12		15	Shōichi Umeda	GK	MAT	2	8
16	August Rittenhouse	MID	VIR	5	2		16	Yoshio Hanazawa	FWD	TAK	1	1		16	Teruki Ōnoda	MID	SHM	2	7.5		16	Seishirō Amane	DEF	VIR	5	5		16	Kenneth Haugland	DEF	VIR	5	12		16	Dural Tanumura	GK	SSK	1	7
17	Jun Teshigawara	FWD	AYA	5	2		17	Shōhei Kazama	DEF	RYO	2	1		17	Buri Bulchiru Kaishan	MID	ORU	3	7.5		17	August Rittenhouse	MID	VIR	5	5		17	Gen Fija	DEF	AYA	5	12		17	Bilan Terauchi	GK	IFK	2	7
18	Makisig Liwanag	MID	AYA	5	2		18	Hiroaki Tomioka	MID	RYO	2	1		18	Shinji Tadayama	FWD	MRG	1	7.4		18	Luca Higashiyama	MID	VIR	5	5		18	Shūgo Irabu	MID	AYA	5	12		18	Ashim Bhattacharya	GK	SHM	2	7
19	Gen Suematsu	MID	MRG	1	1		19	Ren Sasaoka	MID	RYO	2	1		19	Gakuto Minamikawa	MID	SUM	1	7.4		19	Hajime Ōyama	MID	AYA	5	5		19	Étienne Trieu	MID	AYA	5	12		19	Od-Erdene Tsakhia	GK	ORU	3	7
20	Shinji Tadayama	FWD	MRG	1	1		20	Eren Peretz	MID	RYO	2	1		20	Raffaele Lucchese	MID	ISS	2	7.4		20	Hayato Sagami	FWD	MRG	1	4		20	Trent Hawthorne	FWD	ISS	2	11		20	Kōhei Morisaki	GK	MRG	1	6
21	Hayato Sagami	FWD	MRG	1	1		21	Phani Kyaithang	MID	IFK	2	1		21	Eito Dōmeki	MID	MAK	3	7.4		21	Yasushi Kobayakawa	MID	IFK	2	4		21	Tömörbaatar Ganzorig	DEF	ORU	3	11		21	Akira Suenaga	GK	CHU	2	6
22	Niall Kinsella	FWD	NIK	1	1		22	Haruto Tobishima	DEF	NAG	2	1		22	Arnold Bjarnfreðsson	FWD	TAK	4	7.4		22	Umberto Bellarmino	MID	NAG	2	4		22	Epaminondas Mavromatis	MID	SHZ	4	11		22	Unai Izagirre	GK	KAM	1	5
23	Kenichi Mitsui	FWD	DYM	1	1		23	Naoya Unoki	MID	NAG	2	1		23	Ryūhei Kuriyama	MID	MRG	1	7.3		23	Hajime Natsukawa	FWD	CHU	2	4		23	Themistoklis Zervas	MID	VIR	5	11		23	Eisuke Sato	GK	NAG	2	5
24	Kaspar Eichendorff	FWD	BGE	1	1		24	Diego Montenegro	DEF	CHU	2	1		24	Keigo Ikeda	DEF	SHR	1	7.3		24	Junya Narahara	MID	SHM	2	4		24	Jose Carlos Pescador	DEF	VIR	5	11		24	Yūgo Arashiyama	GK	SAT	1	4
25	Sōichi Egashira	FWD	KAN	1	1		25	Akihiro Kaibara	FWD	CHU	2	1		25	Tarran Nyaruguru	DEF	SHR	1	7.3		25	Katsunori Haneda	DEF	MAT	2	4		25	Maxime Vaillancourt	MID	NAG	2	10		25	Sibö Kurbli	GK	SHR	1	3
26	Levi Nez	FWD	SUM	1	1		26	Ryūji Sakanoue	MID	CHU	2	1		26	Drake Kessler	MID	NIK	1	7.3		26	Yëría Kaché	MID	MAT	2	4		26	Vladimír Králik	DEF	MAK	3	10		26	Magnus Andersson	GK	DYM	1	3
27	Teruki Saruwatari	MID	SSK	1	1		27	Eisuke Tatebayashi	DEF	SHM	2	1		27	Torbjørn Kvamme	MID	NIK	1	7.3		27	Wenkai Zhao	MID	KOS	2	4		27	Aurélien Pasquier	MID	SHZ	4	10		27	Dānilo Pavlović	GK	SEN	1	3
28	Kanji Yokokawa	MID	KOS	1	1		28	Rasmus Karlssen	FWD	SHM	2	1		28	Jóhann Sigfússon	DEF	NIK	1	7.3		28	Mizuki Hoshizaki	MID	KOS	2	4		28	Daichi Komaba	MID	VIR	5	10		28	Sōta Kuribayashi	GK	ASH	1	2
29	Kamal Bodhipal	FWD	KAM	1	1		29	Teruki Ōnoda	MID	SHM	2	1		29	Gijs Dreesens	MID	DYM	1	7.3		29	Renshi Kuzuryū	MID	MAK	3	4		29	Hayate Shirakawa	DEF	AYA	5	10		29	Seishirō Ōkubo	GK	VAL	1	2
30	Itsuki Goto	FWD	RYO	2	1		30	Katsunori Haneda	DEF	MAT	2	1		30	Ren Ikegami	GK	BGE	1	7.3		30	Eito Dōmeki	MID	MAK	3	4		30	Keisuke Nozawa	MID	KAM	1	9		30	Joavnna Gaup	GK	TOY	1	1
31	Lam Vu	MID	RYO	2	1		31	Tatsunori Nijigahara	DEF	FCH	2	1		31	Toshiya Kogure	DEF	BGE	1	7.3		31	Kōhei Asamura	FWD	MAK	3	4		31	Kentarō Ishizuka	DEF	RYO	2	9							
32	Yūma Hayami	FWD	IFK	2	1		32	Voptá Hendá	FWD	FCH	2	1		32	Naguib Sharawi	DEF	BGE	1	7.3		32	Kenshirō Unagami	DEF	SHZ	4	4		32	Katsunori Haneda	DEF	MAT	2	9							
33	Fumiya Habiro	FWD	IFK	2	1		33	Manda Ōkubo	DEF	KOS	2	1		33	Ben Caldicott	DEF	BGE	1	7.3		33	Erlend Mikkelsen	MID	SHZ	4	4		33	Tatsunori Nijigahara	DEF	FCH	2	9							
34	Maxime Vaillancourt	MID	NAG	2	1		34	Kazuyoshi Hiranuma	DEF	SPK	2	1		34	Kaspar Eichendorff	FWD	BGE	1	7.3		34	Epaminondas Mavromatis	MID	SHZ	4	4		34	Naohiro Shiina	DEF	KOS	2	9							
35	Fumito Katagiri	FWD	NAG	2	1		35	Marcello La Barca	MID	SPK	2	1		35	Ryōhei Ikegaya	DEF	KAN	1	7.3		35	Daichi Komaba	MID	VIR	5	4		35	Kaname Kuramoto	MID	KOS	2	9							
36	Tetsuya Mibu	MID	NAG	2	1		36	Denis Kuznetsov	FWD	SPK	2	1		36	Sōichi Egashira	FWD	KAN	1	7.3		36	Tamer Khalil	MID	VIR	5	4		36	Amgalanbaatar Sükh	DEF	ORU	3	9							
37	Ganzorig Erdene	FWD	ORU	2	1		37	Jacinto Valencia	DEF	ISS	2	1		37	Szymon Kowalczyk	MID	VAL	1	7.3		37	Miltiadis Galanis	FWD	VIR	5	4		37	Gvidas Rimkevičius	DEF	TAK	4	9							
38	Yūsei Tajima	DEF	CHU	2	1		38	Raffaele Lucchese	MID	ISS	2	1		38	Maxime Vaillancourt	MID	NAG	2	7.3		38	Jose Carlos Pescador	DEF	VIR	5	4		38	Arnold Bjarnfreðsson	FWD	TAK	4	9							
39	Shunpei Kadota	FWD	CHU	2	1		39	Chinbat Oyuunbileg	DEF	ORU	3	1		39	Akihiro Kaibara	FWD	CHU	2	7.3		39	Étienne Trieu	MID	AYA	5	4		39	Luca Higashiyama	MID	VIR	5	9							
40	Teruki Ōnoda	MID	SHM	2	1		40	Zolbayar Byambadorj	DEF	ORU	3	1		40	Tatsunori Nijigahara	DEF	FCH	2	7.3		40	Hayate Shirakawa	DEF	AYA	5	4		40	Gōki Kumashiro	DEF	AYA	5	9							
41	Sōta Mizoguchi	FWD	MAT	2	1		41	Sodnomdarjaa Batkhürel	DEF	ORU	3	1		41	Wenkai Zhao	MID	KOS	2	7.3		41	Hiro Oshiro	MID	DYM	1	3		41	Tarran Nyaruguru	DEF	SHR	1	8							
42	Kōdai Misonoo	MID	FCH	2	1		42	Buri Bulchiru Kaishan	MID	ORU	3	1		42	Trent Hawthorne	FWD	ISS	2	7.3		42	Pedram Nazeri	MID	TOY	1	3		42	Kazutoshi Hōjō	DEF	IFK	2	8							
43	Kylian Lefranc	MID	FCH	2	1		43	Arslanbaatar Ganbold	MID	ORU	3	1		43	Arslanbaatar Ganbold	MID	ORU	3	7.3		43	Sōtarō Nagata	MID	SSK	1	3		43	Nobuhiro Azusawa	DEF	IFK	2	8							
44	Ryōga Ikarashi	FWD	FCH	2	1		44	Andrea Ferrari	DEF	MAK	3	1		44	Epaminondas Mavromatis	MID	SHZ	4	7.3		44	Shōhei Kazama	DEF	RYO	2	3		44	Valente Pantuso	DEF	NAG	2	8							
45	Robert Schlösser	FWD	FCH	2	1		45	Mirko Begović	DEF	MAK	3	1		45	Naoki Onizuka	MID	SHR	1	7.3		45	Itsuki Goto	FWD	RYO	2	3		45	Alarico Canavese	MID	CHU	2	8							
46	Péter Szabó	MID	SPK	2	1		46	Kōki Samejima	DEF	TAK	4	1		46	Yūhei Samukawa	MID	BGE	1	7.3		46	Haruto Tobishima	DEF	NAG	2	3		46	Akihiro Kaibara	FWD	CHU	2	8							
47	Shigeru Yonekura	MID	ORU	2	1		47	Wout Vandenberghe	MID	TAK	4	1		47	Olander Strandberg	DEF	SAT	1	7.3		47	Naoya Unoki	MID	NAG	2	3		47	Yëría Kaché	MID	MAT	2	8							
48	Trent Hawthorne	FWD	ISS	2	1		48	Yūta Kamogawa	MID	TAK	4	1		48	Dural Tanumura	GK	SSK	1	7.3		48	Diego Montenegro	DEF	CHU	2	3		48	Ryōhei Ōtake	DEF	KOS	2	8							
49	Buri Bulchiru Kaishan	MID	ORU	3	1		49	Haruto Kido	MID	SHZ	4	1		49	Haruto Tobishima	DEF	NAG	2	7.3		49	Rintarō Ichinohe	FWD	CHU	2	3		49	Yoshitaka Nabeshima	MID	KOS	2	8							
50	Arslanbaatar Ganbold	MID	ORU	3	1		50	Epaminondas Mavromatis	MID	SHZ	4	1		50	August Rittenhouse	MID	VIR	5	7.3		50	Rasmus Karlssen	FWD	SHM	2	3		50	Muzaffer Doğan	DEF	TAK	3	8							
51	Constantin Reverdin	FWD	AYA	3	1		51	Kenneth Haugland	DEF	VIR	5	1		51	Miltiadis Galanis	FWD	VIR	5	7.3		51	Tōru Hiraga	MID	MAT	2	3		51	Sodnomdarjaa Batkhürel	DEF	ORU	3	8							
52	Hisashi Terui	MID	SHZ	3	1		52	Tamer Khalil	MID	VIR	5	1		52	Anirban Goswami	DEF	SHR	1	7.2		52	Ippei Sawaki	MID	KOS	2	3		52	Chaghagan Uua Uder	MID	ORU	3	8							
53	Wout Vandenberghe	MID	TAK	4	1		53	Hajime Ōyama	MID	AYA	5	1		53	Timur Oorzhak	DEF	DYM	1	7.2		53	Kazuyoshi Hiranuma	DEF	SPK	2	3		53	Sōma Kirizuka	MID	MAK	3	8							
54	Yūta Kamogawa	MID	TAK	4	1		54	Seiji Kasuga	MID	AYA	5	1		54	Naoya Kumazawa	FWD	KAN	1	7.2		54	Marcello La Barca	MID	SPK	2	3		54	Gabriel Beauchêne	MID	VIR	4	8							
55	Trygve Ødegaard	MID	TAK	4	1									55	Shōgo Higashiyama	MID	SEN	1	7.2		55	Denis Kuznetsov	FWD	SPK	2	3		55	Shōhei Kaburagi	MID	TAK	4	8							
56	Sudhir Chakraborty	MID	TAK	4	1									56	Kanji Yokokawa	MID	KOS	1	7.2		56	Tamotsu Serizawa	DEF	SHZ	2	3		56	Kōhei Morisaki	GK	MRG	1	7							
57	Tōgo Tanioka	MID	SHZ	4	1									57	Keisuke Nozawa	MID	KAM	1	7.2		57	Amgalanbaatar Sükh	DEF	ORU	3	3		57	Kōzō Fujise	DEF	DYM	1	7							
58	Kanata Murakumo	MID	SHZ	4	1									58	Kamal Bodhipal	FWD	KAM	1	7.2		58	Zolbayar Byambadorj	DEF	ORU	3	3		58	Timur Oorzhak	DEF	DYM	1	7							
59	Hiromu Furuhashi	FWD	SHZ	4	1									59	Kōtarō Unno	FWD	KAM	1	7.2		59	Andrea Ferrari	DEF	MAK	3	3		59	Hiro Oshiro	MID	DYM	1	7							
60	Epaminondas Mavromatis	MID	SHZ	4	1									60	Shōhei Kazama	DEF	RYO	2	7.2		60	Sōma Kirizuka	MID	MAK	3	3		60	Umberto Bellarmino	MID	NAG	2	7							
61	Tibor Fazékas	MID	AYA	4	1									61	Itsuki Goto	FWD	RYO	2	7.2		61	Yūshin Takamura	MID	MAK	3	3		61	Kiyoshi Torigoe	MID	ISS	2	7							
62	Daichi Komaba	MID	VIR	5	1									62	Jun'ichi Teraoka	FWD	RYO	2	7.2		62	Hisashi Terui	MID	SHZ	3	3		62	Raffaele Lucchese	MID	ISS	2	7							
63	Tsuyoshi Tsukimori	DEF	AYA	5	1									63	Marcello La Barca	MID	SPK	2	7.2		63	Kōki Samejima	DEF	TAK	4	3		63	Chinbat Oyuunbileg	DEF	ORU	3	7							
64	Shūgo Irabu	MID	AYA	5	1									64	Kyōsuke Komine	FWD	ISS	2	7.2		64	Wout Vandenberghe	MID	TAK	4	3		64	Zolbayar Byambadorj	DEF	ORU	3	7							
65	Étienne Trieu	MID	AYA	5	1									65	Yūta Kamogawa	MID	TAK	4	7.2		65	Arnold Bjarnfreðsson	FWD	TAK	4	3		65	Arslanbaatar Ganbold	MID	ORU	3	7							
														66	Themistoklis Zervas	MID	VIR	5	7.2		66	Began Andersen	DEF	SHZ	4	3		66	Wout Vandenberghe	MID	TAK	4	7							
														67	Hajime Ōyama	MID	AYA	5	7.2		67	Warrik Wirandaru	DEF	SHZ	4	3		67	Sudhir Chakraborty	MID	TAK	4	7							
														68	Yoshikazu Takanen	DEF	DYM	1	7.1		68	Tibor Fazékas	MID	AYA	4	3		68	Genma Nishigawa	DEF	VIR	5	7							
														69	Onni Pitkänen	MID	TOY	1	7.1		69	Kenneth Haugland	DEF	VIR	5	3		69	Seishirō Amane	DEF	VIR	5	7							
														70	Yaqub Ghattas	MID	SAT	1	7.1		70	Themistoklis Zervas	MID	VIR	5	3		70	Tsuyoshi Tsukimori	DEF	AYA	5	7							
														71	Amiya Majumdar	MID	VAL	1	7.1		71	Tsuyoshi Tsukimori	DEF	AYA	5	3		71	Jun Teshigawara	FWD	AYA	5	7							
														72	Yūki Tsuchida	DEF	KAM	1	7.1		72	Shūgo Irabu	MID	AYA	5	3		72	Keigo Ikeda	DEF	SHR	1	6							
														73	Eren Peretz	MID	RYO	2	7.1		73	Makisig Liwanag	MID	AYA	5	3		73	Naoki Onizuka	MID	SHR	1	6							
														74	Genki Toba	MID	IFK	2	7.1		74	Gen Suematsu	MID	MRG	1	2		74	Torbjørn Kvamme	MID	NIK	1	6							
														75	Yūma Hayami	FWD	IFK	2	7.1		75	Erfan Rastkar	DEF	MRG	1	2		75	Tianyu Gu	MID	NIK	1	6							
														76	Eisuke Tatebayashi	DEF	SHM	2	7.1		76	Jóhann Sigfússon	DEF	NIK	1	2		76	Nikhil Chatterjee	DEF	KAN	1	6							
														77	Akihisa Kubo	GK	FCH	2	7.1		77	Gijs Dreesens	MID	DYM	1	2		77	Yūto Hisamatsu	MID	KAN	1	6							
														78	Péter Szabó	MID	SPK	2	7.1		78	Naguib Sharawi	DEF	BGE	1	2		78	Hamad Zahrani	MID	KAN	1	6							
														79	Jacinto Valencia	DEF	ISS	2	7.1		79	Yūhei Samukawa	MID	BGE	1	2		79	Olander Strandberg	DEF	SAT	1	6							
														80	Amgalanbaatar Sükh	DEF	ORU	3	7.1		80	Reinhold Von Ungern	MID	BGE	1	2		80	Michio Maruoka	DEF	RYO	2	6							
														81	Andrea Ferrari	DEF	MAK	3	7.1		81	Ryōta Hamanaka	MID	BGE	1	2		81	Hiroaki Tomioka	MID	RYO	2	6							
														82	Sōma Kirizuka	MID	MAK	3	7.1		82	Sadao Garabin	MID	KAN	1	2		82	Takeshi Ubukata	MID	RYO	2	6							
														83	Genta Obinata	MID	TAK	4	7.1		83	Gakuto Minamikawa	MID	SUM	1	2		83	Genki Toba	MID	IFK	2	6							
														84	Erlend Mikkelsen	MID	SHZ	4	7.1		84	Pêr Lostanlen	MID	TOY	1	2		84	Ismael Menéndez	DEF	CHU	2	6							
														85	Tōgo Tanioka	MID	SHZ	4	7.1		85	Durí Karí	MID	SAT	1	2		85	Jacinto Valencia	DEF	ISS	2	6							
														86	Daichi Komaba	MID	VIR	5	7.1		86	Ned Stowmarsh	MID	ASH	1	2		86	Iilmari Torjalasten	MID	ISS	2	6							
														87	Renpei Shimotsuma	DEF	NIK	1	7.1		87	Asahi Nishioka	MID	ASH	1	2		87	Renshi Kuzuryū	MID	MAK	3	6							
														88	Niall Kinsella	FWD	NIK	1	7.1		88	Johan De Ridder	DEF	SSK	1	2		88	Masato Hinata	DEF	VIR	4	6							
														89	Akira Nagumo	DEF	DYM	1	7.1		89	Szymon Kowalczyk	MID	VAL	1	2		89	Trygve Ødegaard	MID	TAK	4	6							
														90	Taras Bondarenko	MID	SEN	1	7.1		90	Amiya Majumdar	MID	VAL	1	2		90	Édouard Szymański	MID	TAK	4	6							
														91	Goshi Suganuma	DEF	ASH	1	7.1		91	Kōtarō Unno	FWD	KAM	1	2		91	Seiji Kasuga	MID	AYA	5	6							
														92	Neçirvan Barzani	FWD	SSK	1	7.1		92	Kentarō Ishizuka	DEF	RYO	2	2		92	Anirban Goswami	DEF	SHR	1	5							
														93	Ryūtarō Washio	MID	KAM	1	7.1		93	Hiroaki Tomioka	MID	RYO	2	2		93	Jóhann Sigfússon	DEF	NIK	1	5							
														94	Kentarō Ishizuka	DEF	RYO	2	7.1		94	Lam Vu	MID	RYO	2	2		94	Akira Nagumo	DEF	DYM	1	5							
														95	Hiroaki Tomioka	MID	RYO	2	7.1		95	Jun'ichi Teraoka	FWD	RYO	2	2		95	Kenichi Mitsui	FWD	DYM	1	5							
														96	Kazutoshi Hōjō	DEF	IFK	2	7.1		96	Hidenori Nishizawa	MID	IFK	2	2		96	Toshiya Kogure	DEF	BGE	1	5							
														97	Fumiya Habiro	FWD	IFK	2	7.1		97	Genki Toba	MID	IFK	2	2		97	Fábio Pintassilgo	MID	BGE	1	5							
														98	Matvei Popov	DEF	SHM	2	7.1		98	Itsuki Tsukahara	MID	IFK	2	2		98	Akihisa Chikatsu	MID	BGE	1	5							
														99	Rasmus Karlssen	FWD	SHM	2	7.1		99	Fumito Katagiri	FWD	NAG	2	2		99	Shigenori Takaoka	DEF	KAN	1	5							
														100	Yëría Kaché	MID	MAT	2	7.1		100	Sōta Washizu	DEF	ORU	2	2		100	Naoya Kumazawa	FWD	KAN	1	5							
														101	Ryōga Ikarashi	FWD	FCH	2	7.1		101	Ganzorig Erdene	FWD	ORU	2	2		101	Taras Bondarenko	MID	SEN	1	5							
														102	Kenzō Fujinami	GK	KOS	2	7.1		102	Naoya Kurihara	DEF	CHU	2	2		102	Johan De Ridder	DEF	SSK	1	5							
														103	Ippei Sawaki	MID	KOS	2	7.1		103	Alarico Canavese	MID	CHU	2	2		103	Masahiro Kusakari	MID	SSK	1	5							
														104	Yoshitaka Nabeshima	MID	KOS	2	7.1		104	Akihiro Kaibara	FWD	CHU	2	2		104	Neçirvan Barzani	FWD	SSK	1	5							
														105	Kiyoshi Murandin	DEF	SPK	2	7.1		105	Teruki Ōnoda	MID	SHM	2	2		105	Szymon Kowalczyk	MID	VAL	1	5							
														106	Yōhei Takigawa	FWD	SPK	2	7.1		106	Nobuyuki Sakurai	DEF	MAT	2	2		106	Albin Lundqvist	MID	KAM	1	5							
														107	Denis Kuznetsov	FWD	SPK	2	7.1		107	Hiroshi Tsubaki	MID	MAT	2	2		107	Ryūtarō Washio	MID	KAM	1	5							
														108	Taishi Inomata	DEF	MAK	3	7.1		108	Ryōta Miyazawa	MID	MAT	2	2		108	Jun'ichi Teraoka	FWD	RYO	2	5							
														109	Wout Vandenberghe	MID	TAK	4	7.1		109	Kylian Lefranc	MID	FCH	2	2		109	Phani Kyaithang	MID	IFK	2	5							
														110	Warrik Wirandaru	DEF	SHZ	4	7.1		110	Hiroto Umezawa	MID	KOS	2	2		110	Itsuki Tsukahara	MID	IFK	2	5							
														111	Aurélien Pasquier	MID	SHZ	4	7.1		111	Katsuyoshi Endō	MID	SPK	2	2		111	Wyatt Bradford	DEF	NAG	2	5							
														112	Hiromu Furuhashi	FWD	SHZ	4	7.1		112	Jacinto Valencia	DEF	ISS	2	2		112	József Antall	FWD	NAG	2	5							
														113	Jose Carlos Pescador	DEF	VIR	5	7.1		113	Trent Hawthorne	FWD	ISS	2	2		113	Matvei Popov	DEF	SHM	2	5							
														114	Juhani Hämälainen	GK	AYA	5	7.1		114	Sodnomdarjaa Batkhürel	DEF	ORU	3	2		114	Tomoki Kameyama	DEF	MAT	2	5							
														115	Makisig Liwanag	MID	AYA	5	7.1		115	Mirko Begović	DEF	MAK	3	2		115	Rostam Khalili	MID	MAT	2	5							
														116	Naoki Higashino	MID	SHR	1	7.0		116	Eeriks Uđđi	MID	MAK	3	2		116	Tatsuhiko Minagawa	DEF	KOS	2	5							
														117	Parnell Chee	GK	NIK	1	7.0		117	Rúben Guerreiro	FWD	MAK	3	2		117	Wenkai Zhao	MID	KOS	2	5							
														118	Takeru Nakandakari	DEF	NIK	1	7.0		118	Gabriel Beauchêne	MID	VIR	4	2		118	Ippei Sawaki	MID	KOS	2	5							
														119	Akihisa Chikatsu	MID	BGE	1	7.0		119	Tōgo Tanioka	MID	SHZ	4	2		119	Kiyoshi Murandin	DEF	SPK	2	5							
														120	Hamad Zahrani	MID	KAN	1	7.0		120	Hiromu Furuhashi	FWD	SHZ	4	2		120	Marcello La Barca	MID	SPK	2	5							
														121	Haruki Edagawa	GK	SUM	1	7.0		121	Gōki Kumashiro	DEF	AYA	5	2		121	Nuno Gouveia	MID	SPK	2	5							
														122	Pedram Nazeri	MID	TOY	1	7.0		122	Seiji Kasuga	MID	AYA	5	2		122	Keigo Machida	DEF	ISS	2	5							
														123	Pêr Lostanlen	MID	TOY	1	7.0		123	Akito Namiki	MID	MRG	1	1		123	Andrea Ferrari	DEF	MAK	3	5							
														124	Yūgo Arashiyama	GK	SAT	1	7.0		124	Ryūhei Kuriyama	MID	MRG	1	1		124	Eeriks Uđđi	MID	MAK	3	5							
														125	Ned Stowmarsh	MID	ASH	1	7.0		125	Sōta Mitsuya	FWD	MRG	1	1		125	Yūshin Takamura	MID	MAK	3	5							
														126	Ignazio Esposito	MID	ASH	1	7.0		126	Vilgot Sundkvist	MID	MRG	1	1		126	Tōru Chikuami	DEF	TAK	4	5							
														127	Rainer Pietach	DEF	SSK	1	7.0		127	Keigo Ikeda	DEF	SHR	1	1		127	Basem Shenouda	GK	SHZ	4	5							
														128	Shintarō Katahira	DEF	KAM	1	7.0		128	Hengbo Liu	DEF	SHR	1	1		128	Nikolaos Papadopoulos	GK	VIR	5	5							
														129	Sviatoslav Boyko	MID	NAG	2	7.0		129	Mircea Ionescu	MID	SHR	1	1		129	Miltiadis Galanis	FWD	VIR	5	5							
														130	Fumito Katagiri	FWD	NAG	2	7.0		130	Naoki Higashino	MID	SHR	1	1		130	Juhani Hämälainen	GK	AYA	5	5							
														131	Ismael Menéndez	DEF	CHU	2	7.0		131	Drake Kessler	MID	NIK	1	1		131	Itsuki Toguchi	MID	AYA	5	5							
														132	Naoya Kurihara	DEF	CHU	2	7.0		132	Tianyu Gu	MID	NIK	1	1		132	Makisig Liwanag	MID	AYA	5	5							
														133	Shunpei Kadota	FWD	CHU	2	7.0		133	Michiaki Enomoto	FWD	NIK	1	1		133	Lingyun Hao	DEF	NIK	1	4							
														134	Shōichi Umeda	GK	MAT	2	7.0		134	Kōzō Fujise	DEF	DYM	1	1		134	Michiaki Enomoto	FWD	NIK	1	4							
														135	Nobuyuki Sakurai	DEF	MAT	2	7.0		135	Yoshikazu Takanen	DEF	DYM	1	1		135	Yoshikazu Takanen	DEF	DYM	1	4							
														136	Kōdai Misonoo	MID	FCH	2	7.0		136	Akira Nagumo	DEF	DYM	1	1		136	Naguib Sharawi	DEF	BGE	1	4							
														137	Ryōsuke Tsugawa	FWD	KOS	2	7.0		137	Ryland Nash	FWD	DYM	1	1		137	Ben Caldicott	DEF	BGE	1	4							
														138	Jordan Stanford	GK	SPK	2	7.0		138	Teppei Motohashi	DEF	DYM	1	1		138	Reinhold Von Ungern	MID	BGE	1	4							
														139	Nuno Gouveia	MID	SPK	2	7.0		139	Kenichi Mitsui	FWD	DYM	1	1		139	Shūji Kannazuki	GK	KAN	1	4							
														140	Zolbayar Byambadorj	DEF	ORU	3	7.0		140	Octave Desjardins	MID	DYM	1	1		140	Ryōhei Ikegaya	DEF	KAN	1	4							
														141	Sodnomdarjaa Batkhürel	DEF	ORU	3	7.0		141	Ben Caldicott	DEF	BGE	1	1		141	Kazunari Tsuruta	MID	KAN	1	4							
														142	Bürgedei Dashnyam	FWD	ORU	3	7.0		142	Akihisa Chikatsu	MID	BGE	1	1		142	Shōgo Higashiyama	MID	SEN	1	4							
														143	Kōhei Asamura	FWD	MAK	3	7.0		143	Orkun Çeti̇n	MID	NAG	1	1		143	Yaqub Ghattas	MID	SAT	1	4							
														144	Édouard Szymański	MID	TAK	4	7.0		144	Nikhil Chatterjee	DEF	KAN	1	1		144	Goshi Suganuma	DEF	ASH	1	4							
														145	Kenshirō Unagami	DEF	SHZ	4	7.0		145	Naoya Kumazawa	FWD	KAN	1	1		145	Ignazio Esposito	MID	ASH	1	4							
														146	Haruto Kido	MID	SHZ	4	7.0		146	Shigematsu Sato	FWD	KAN	1	1		146	Dural Tanumura	GK	SSK	1	4							
														147	Kenneth Haugland	DEF	VIR	5	7.0		147	Kōsuke Yokomizo	MID	SEN	1	1		147	Seiya Urabe	FWD	KOS	1	4							
														148	Gōki Kumashiro	DEF	AYA	5	7.0		148	Nikola Vranješ	DEF	SEN	1	1		148	Haruto Tobishima	DEF	NAG	2	4							
														149	Tsuyoshi Tsukimori	DEF	AYA	5	7.0		149	Ákos Tolvaj	FWD	SEN	1	1		149	Federico Soberon	DEF	NAG	2	4							
														150	Shūgo Irabu	MID	AYA	5	7.0		150	Stéphan Konaté	FWD	SEN	1	1		150	Kaoru Ishibashi	MID	NAG	2	4							
														151	Étienne Trieu	MID	AYA	5	7.0		151	Miro Heikkinen	MID	SEN	1	1		151	Naoya Kurihara	DEF	CHU	2	4							
														152	Vilgot Sundkvist	MID	MRG	1	6.9		152	Heng Kong	DEF	SUM	1	1		152	Touraj Hayaii	DEF	CHU	2	4							
														153	Cristian Urdaneta	DEF	NIK	1	6.9		153	Niccolò Donizetti	MID	SUM	1	1		153	Junya Narahara	MID	SHM	2	4							
														154	Lingyun Hao	DEF	NIK	1	6.9		154	Wahyu Wibowo	MID	SUM	1	1		154	Teruki Ōnoda	MID	SHM	2	4							
														155	Fábio Pintassilgo	MID	BGE	1	6.9		155	Shōya Munakata	MID	SUM	1	1		155	Hiroshi Tsubaki	MID	MAT	2	4							
														156	Reinhold Von Ungern	MID	BGE	1	6.9		156	Devante Rowley	FWD	SUM	1	1		156	Minoru Andō	MID	MAT	2	4							
														157	Ryōta Hamanaka	MID	BGE	1	6.9		157	Tatsuya Kurokawa	FWD	SUM	1	1		157	Akihisa Kubo	GK	FCH	2	4							
														158	Dānilo Pavlović	GK	SEN	1	6.9		158	Levi Nez	FWD	SUM	1	1		158	Manda Ōkubo	DEF	KOS	2	4							
														159	Sōichirō Miura	DEF	SEN	1	6.9		159	Konsta Yrjölä	DEF	TOY	1	1		159	Daigo Takanashi	DEF	SPK	2	4							
														160	Kōsuke Yokomizo	MID	SEN	1	6.9		160	Kalle Vuorijärvi	DEF	TOY	1	1		160	Péter Szabó	MID	SPK	2	4							
														161	Gergő Tóth	MID	SSK	1	6.9		161	Onni Pitkänen	MID	TOY	1	1		161	Denis Kuznetsov	FWD	SPK	2	4							
														162	Yoshio Hanazawa	FWD	TAK	1	6.9		162	Issei Kunieda	MID	TOY	1	1		162	Shō Itoshi	FWD	SPK	2	4							
														163	Phani Kyaithang	MID	IFK	2	6.9		163	Sepideh Shakibaii	FWD	TOY	1	1		163	Serafim Correia	MID	ISS	2	4							
														164	Yasushi Kobayakawa	MID	IFK	2	6.9		164	Yaqub Ghattas	MID	SAT	1	1		164	Sotyan Yesugei	MID	ORU	3	4							
														165	Naoya Unoki	MID	NAG	2	6.9		165	Merkurios Kudanbes	DEF	ASH	1	1		165	Bürgedei Dashnyam	FWD	ORU	3	4							
														166	Umberto Bellarmino	MID	NAG	2	6.9		166	Percival Graves	MID	ASH	1	1		166	Mirko Begović	DEF	MAK	3	4							
														167	Tetsuya Mibu	MID	NAG	2	6.9		167	Ignazio Esposito	MID	ASH	1	1		167	Taishi Inomata	DEF	MAK	3	4							
														168	Ganzorig Erdene	FWD	ORU	2	6.9		168	Rainer Pietach	DEF	SSK	1	1		168	Semyon Volkov	GK	TAK	4	4							
														169	Hajime Natsukawa	FWD	CHU	2	6.9		169	Ikki Dazai	MID	SSK	1	1		169	Kōki Samejima	DEF	TAK	4	4							
														170	Sōta Mizoguchi	FWD	MAT	2	6.9		170	Neçirvan Barzani	FWD	SSK	1	1		170	Tamer Khalil	MID	VIR	5	4							
														171	Manda Ōkubo	DEF	KOS	2	6.9		171	Makoto Kishima	MID	SSK	1	1		171	Akito Namiki	MID	MRG	1	3							
														172	Kazuyoshi Hiranuma	DEF	SPK	2	6.9		172	Kenji Nagase	FWD	SSK	1	1		172	Gen Suematsu	MID	MRG	1	3							
														173	Chinbat Oyuunbileg	DEF	ORU	3	6.9		173	Ayumu Shikano	FWD	VAL	1	1		173	Vilgot Sundkvist	MID	MRG	1	3							
														174	Mirko Begović	DEF	MAK	3	6.9		174	Cory Gallegos	MID	VAL	1	1		174	Daichi Nagaoka	MID	SHR	1	3							
														175	Kōki Samejima	DEF	TAK	4	6.9		175	Yasuhiro Narukawa	MID	VAL	1	1		175	Kentarō Fukuhara	MID	SHR	1	3							
														176	Masaki Togawa	DEF	TAK	4	6.9		176	Ryūtarō Washio	MID	KAM	1	1		176	Takeru Nakandakari	DEF	NIK	1	3							
														177	Shōhei Kaburagi	MID	TAK	4	6.9		177	Yoshio Hanazawa	FWD	TAK	1	1		177	Gijs Dreesens	MID	DYM	1	3							
														178	Began Andersen	DEF	SHZ	4	6.9		178	Ren Sasaoka	MID	RYO	2	1		178	Taiga Bashira	FWD	DYM	1	3							
														179	Yūto Shiranui	DEF	SHZ	4	6.9		179	Takeshi Ubukata	MID	RYO	2	1		179	Takeshi Kuraoka	DEF	SEN	1	3							
														180	Luca Higashiyama	MID	VIR	5	6.9		180	Eren Peretz	MID	RYO	2	1		180	Oliveer Pohjonen	DEF	ASH	1	3							
														181	Gen Fija	DEF	AYA	5	6.9		181	Kazutoshi Hōjō	DEF	IFK	2	1		181	Patrick Stumpfegger	MID	ASH	1	3							
														182	Itsuki Toguchi	MID	AYA	5	6.9		182	Phani Kyaithang	MID	IFK	2	1		182	Dvir Alon	MID	ASH	1	3							
														183	Akito Namiki	MID	MRG	1	6.9		183	Baluk Cheraga	DEF	IFK	2	1		183	Teruki Saruwatari	MID	SSK	1	3							
														184	Junichiro Tarugara	MID	NIK	1	6.9		184	Kōhei Sahara	FWD	IFK	2	1		184	Makoto Kishima	MID	SSK	1	3							
														185	Tianyu Gu	MID	NIK	1	6.9		185	Shūhei Ozaki	FWD	IFK	2	1		185	Panting Jugah	DEF	VAL	1	3							
														186	Rui Ōe	MID	DYM	1	6.9		186	Federico Soberon	DEF	NAG	2	1		186	Cedric Warburton	MID	VAL	1	3							
														187	Octave Desjardins	MID	DYM	1	6.9		187	Valente Pantuso	DEF	NAG	2	1		187	Yūki Tsuchida	DEF	KAM	1	3							
														188	Shigenori Takaoka	DEF	KAN	1	6.9		188	Kaoru Ishibashi	MID	NAG	2	1		188	Shintarō Katahira	DEF	KAM	1	3							
														189	Kazunari Tsuruta	MID	KAN	1	6.9		189	Maxime Vaillancourt	MID	NAG	2	1		189	Iñigo Arrizabalaga	DEF	KAM	1	3							
														190	Matej Holešovský	DEF	SEN	1	6.9		190	Ismael Menéndez	DEF	CHU	2	1		190	Naohisa Isogai	MID	KAM	1	3							
														191	Takeshi Kuraoka	DEF	SEN	1	6.9		191	Daiki Moriizumi	MID	CHU	2	1		191	Ryōsuke Kajiura	MID	KAM	1	3							
														192	Miro Heikkinen	MID	SEN	1	6.9		192	Yūsei Tajima	DEF	CHU	2	1		192	Yūya Tachikawa	GK	RYO	2	3							
														193	Shōya Munakata	MID	SUM	1	6.9		193	Ryūji Sakanoue	MID	CHU	2	1		193	Naoto Soejima	DEF	RYO	2	3							
														194	Tatsuya Kurokawa	FWD	SUM	1	6.9		194	Kōtarō Yanagisawa	FWD	CHU	2	1		194	Shōhei Kazama	DEF	RYO	2	3							
														195	Akseli Ruotsalainen	DEF	TOY	1	6.9		195	Eisuke Tatebayashi	DEF	SHM	2	1		195	Daisuke Imaoka	MID	RYO	2	3							
														196	Konsta Yrjölä	DEF	TOY	1	6.9		196	Ørjan Skjelbred	DEF	SHM	2	1		196	Lam Vu	MID	RYO	2	3							
														197	Linus Kitingan	DEF	SAT	1	6.9		197	Matvei Popov	DEF	SHM	2	1		197	Bilan Terauchi	GK	IFK	2	3							
														198	Merkurios Kudanbes	DEF	ASH	1	6.9		198	Attila Hegedűs	MID	SHM	2	1		198	Yasushi Kobayakawa	MID	IFK	2	3							
														199	Bjarke Lindqvist	DEF	ASH	1	6.9		199	Shinji Kawarabuki	MID	SHM	2	1		199	Fumiya Habiro	FWD	IFK	2	3							
														200	Patrick Stumpfegger	MID	ASH	1	6.9		200	Shin'ya Fuchigami	FWD	SHM	2	1		200	Shūhei Ozaki	FWD	IFK	2	3							
														201	Masahiro Kusakari	MID	SSK	1	6.9		201	Yavuz Koç	FWD	SHM	2	1		201	Sviatoslav Boyko	MID	NAG	2	3							
														202	Sōtarō Nagata	MID	SSK	1	6.9		202	Yūsuke Shiota	DEF	MAT	2	1		202	Sōta Washizu	DEF	ORU	2	3							
														203	Tomohiro Arimatsu	FWD	VAL	1	6.9		203	Tomoki Kameyama	DEF	MAT	2	1		203	Shunpei Kadota	FWD	CHU	2	3							
														204	Iñigo Arrizabalaga	DEF	KAM	1	6.9		204	Rostam Khalili	MID	MAT	2	1		204	Eisuke Tatebayashi	DEF	SHM	2	3							
														205	Albin Lundqvist	MID	KAM	1	6.9		205	Sōta Mizoguchi	FWD	MAT	2	1		205	Ørjan Skjelbred	DEF	SHM	2	3							
														206	Takamasa Hida	MID	KAM	1	6.9		206	Minoru Andō	MID	MAT	2	1		206	Shinji Kawarabuki	MID	SHM	2	3							
														207	Yūya Tachikawa	GK	RYO	2	6.9		207	Tatsunori Nijigahara	DEF	FCH	2	1		207	Yavuz Koç	FWD	SHM	2	3							
														208	Ren Sasaoka	MID	RYO	2	6.9		208	Melvyn Raes	MID	FCH	2	1		208	Yūsuke Shiota	DEF	MAT	2	3							
														209	Takeshi Ubukata	MID	RYO	2	6.9		209	Robert Schlösser	FWD	FCH	2	1		209	Nobuyuki Sakurai	DEF	MAT	2	3							
														210	Lam Vu	MID	RYO	2	6.9		210	Voptá Hendá	FWD	FCH	2	1		210	Sanat Barua	MID	MAT	2	3							
														211	Nobuhiro Azusawa	DEF	IFK	2	6.9		211	Tanvir Howlader	FWD	FCH	2	1		211	Yūdai Tōjō	DEF	FCH	2	3							
														212	Hidenori Nishizawa	MID	IFK	2	6.9		212	Susumu Kikkawa	DEF	KOS	2	1		212	Emil Hansen	DEF	FCH	2	3							
														213	Eisuke Sato	GK	NAG	2	6.9		213	Naohiro Shiina	DEF	KOS	2	1		213	Kōdai Misonoo	MID	FCH	2	3							
														214	Federico Soberon	DEF	NAG	2	6.9		214	Manda Ōkubo	DEF	KOS	2	1		214	Tanvir Howlader	FWD	FCH	2	3							
														215	Wyatt Bradford	DEF	NAG	2	6.9		215	Ryōsuke Tsugawa	FWD	KOS	2	1		215	Ryōsuke Tsugawa	FWD	KOS	2	3							
														216	Kaoru Ishibashi	MID	NAG	2	6.9		216	Yoshitaka Nabeshima	MID	KOS	2	1		216	Kazuyoshi Hiranuma	DEF	SPK	2	3							
														217	Akira Suenaga	GK	CHU	2	6.9		217	Daigo Takanashi	DEF	SPK	2	1		217	Arthur Kohlberg	DEF	SPK	2	3							
														218	Touraj Hayaii	DEF	CHU	2	6.9		218	Péter Szabó	MID	SPK	2	1		218	Nicolas Bellamy	DEF	ISS	2	3							
														219	Tomoki Kameyama	DEF	MAT	2	6.9		219	Yōhei Takigawa	FWD	SPK	2	1		219	Yerrin Chindura	MID	ISS	2	3							
														220	Yūdai Tōjō	DEF	FCH	2	6.9		220	Kōtarō Sakisaka	MID	VIR	2	1		220	Masaru Jakamarra	MID	ISS	2	3							
														221	Susumu Kikkawa	DEF	KOS	2	6.9		221	Yerrin Chindura	MID	ISS	2	1		221	Yūdai Kaminaga	FWD	ORU	3	3							
														222	Naohiro Shiina	DEF	KOS	2	6.9		222	Masaru Jakamarra	MID	ISS	2	1		222	Ander Zubikarai	FWD	MAK	3	3							
														223	Tatsuhiko Minagawa	DEF	KOS	2	6.9		223	Chinbat Oyuunbileg	DEF	ORU	3	1		223	Hisashi Terui	MID	SHZ	3	3							
														224	Mizuki Hoshizaki	MID	KOS	2	6.9		224	Yūdai Kaminaga	FWD	ORU	3	1		224	Ryōta Ibara	FWD	SHZ	3	3							
														225	Filippo Castiglione	DEF	SPK	2	6.9		225	Sotyan Yesugei	MID	ORU	3	1		225	Tatsuya Okuyama	DEF	MRG	1	2							
														226	Arthur Kohlberg	DEF	SPK	2	6.9		226	Bürgedei Dashnyam	FWD	ORU	3	1		226	Shinnosuke Hibino	DEF	MRG	1	2							
														227	Miklós Nagy	GK	ISS	2	6.9		227	Kouki Totsuka	FWD	MAK	3	1		227	Ryūhei Kuriyama	MID	MRG	1	2							
														228	Iilmari Torjalasten	MID	ISS	2	6.9		228	Masato Hinata	DEF	VIR	4	1		228	Shinji Tadayama	FWD	MRG	1	2							
														229	Chaghagan Uua Uder	MID	ORU	3	6.9		229	Gvidas Rimkevičius	DEF	TAK	4	1		229	Erfan Rastkar	DEF	MRG	1	2							
														230	Kouki Totsuka	FWD	MAK	3	6.9		230	Trygve Ødegaard	MID	TAK	4	1		230	Naoki Higashino	MID	SHR	1	2							
														231	Hisashi Terui	MID	SHZ	3	6.9		231	Sudhir Chakraborty	MID	TAK	4	1		231	Renpei Shimotsuma	DEF	NIK	1	2							
														232	Semyon Volkov	GK	TAK	4	6.9		232	Yūto Shiranui	DEF	SHZ	4	1		232	Cristian Urdaneta	DEF	NIK	1	2							
														233	Gvidas Rimkevičius	DEF	TAK	4	6.9		233	Genma Nishigawa	DEF	VIR	5	1		233	Junichiro Tarugara	MID	NIK	1	2							
														234	Sudhir Chakraborty	MID	TAK	4	6.9		234	Ryūnosuke Tōdō	FWD	VIR	5	1		234	Drake Kessler	MID	NIK	1	2							
														235	Basem Shenouda	GK	SHZ	4	6.9									235	Rui Ōe	MID	DYM	1	2							
														236	Tibor Fazékas	MID	AYA	4	6.9									236	Khagendra Mitra	DEF	BGE	1	2							
														237	Nikolaos Papadopoulos	GK	VIR	5	6.9									237	Yūhei Samukawa	MID	BGE	1	2							
														238	Genma Nishigawa	DEF	VIR	5	6.9									238	Guowei Sun	FWD	BGE	1	2							
														239	Seiji Kasuga	MID	AYA	5	6.9									239	Kaspar Eichendorff	FWD	BGE	1	2							
														240	Jun Teshigawara	FWD	AYA	5	6.9									240	Tsuyoshi Mikuriya	DEF	KAN	1	2							
														241	Hayate Shirakawa	DEF	AYA	5	6.9									241	Matej Holešovský	DEF	SEN	1	2							
														242	Kōhei Morisaki	GK	MRG	1	6.8									242	Yūsuke Nobata	MID	SEN	1	2							
														243	Hengbo Liu	DEF	SHR	1	6.8									243	Miro Heikkinen	MID	SEN	1	2							
														244	Michiaki Enomoto	FWD	NIK	1	6.8									244	Shōya Munakata	MID	SUM	1	2							
														245	Nikhil Chatterjee	DEF	KAN	1	6.8									245	Tatsuya Kurokawa	FWD	SUM	1	2							
														246	Yūto Hisamatsu	MID	KAN	1	6.8									246	Levi Nez	FWD	SUM	1	2							
														247	Yūsuke Nobata	MID	SEN	1	6.8									247	Konsta Yrjölä	DEF	TOY	1	2							
														248	Liang Wu	DEF	SUM	1	6.8									248	Eetu Hämäläinen	MID	TOY	1	2							
														249	Eetu Hämäläinen	MID	TOY	1	6.8									249	Onni Pitkänen	MID	TOY	1	2							
														250	Katsumi Enokida	MID	TOY	1	6.8									250	Sepideh Shakibaii	FWD	TOY	1	2							
														251	Kōsei Habara	DEF	SAT	1	6.8									251	Pêr Lostanlen	MID	TOY	1	2							
														252	Oliveer Pohjonen	DEF	ASH	1	6.8									252	Linus Kitingan	DEF	SAT	1	2							
														253	Dvir Alon	MID	ASH	1	6.8									253	Kōsei Habara	DEF	SAT	1	2							
														254	Ikki Dazai	MID	SSK	1	6.8									254	Sōshi Nagumo	MID	SAT	1	2							
														255	Sheng Huang	MID	SSK	1	6.8									255	Siim Kallasmaa	MID	SAT	1	2							
														256	Kenji Nagase	FWD	SSK	1	6.8									256	Bjarke Lindqvist	DEF	ASH	1	2							
														257	Cedric Warburton	MID	VAL	1	6.8									257	Asahi Nishioka	MID	ASH	1	2							
														258	Yasuhiro Narukawa	MID	VAL	1	6.8									258	Rainer Pietach	DEF	SSK	1	2							
														259	Ryōsuke Kajiura	MID	KAM	1	6.8									259	Shin Segawa	DEF	SSK	1	2							
														260	Michio Maruoka	DEF	RYO	2	6.8									260	Ikki Dazai	MID	SSK	1	2							
														261	Bilan Terauchi	GK	IFK	2	6.8									261	Sheng Huang	MID	SSK	1	2							
														262	Itsuki Tsukahara	MID	IFK	2	6.8									262	Kanji Yokokawa	MID	KOS	1	2							
														263	Baluk Cheraga	DEF	IFK	2	6.8									263	Amiya Majumdar	MID	VAL	1	2							
														264	Sōta Washizu	DEF	ORU	2	6.8									264	Yasuhiro Narukawa	MID	VAL	1	2							
														265	Alarico Canavese	MID	CHU	2	6.8									265	Kamal Bodhipal	FWD	KAM	1	2							
														266	Yūsei Tajima	DEF	CHU	2	6.8									266	Daigo Fukamachi	DEF	SHM	1	2							
														267	Rintarō Ichinohe	FWD	CHU	2	6.8									267	Eren Peretz	MID	RYO	2	2							
														268	Ørjan Skjelbred	DEF	SHM	2	6.8									268	Hidenori Nishizawa	MID	IFK	2	2							
														269	Yūsuke Shiota	DEF	MAT	2	6.8									269	Eisuke Sato	GK	NAG	2	2							
														270	Rostam Khalili	MID	MAT	2	6.8									270	Naoya Unoki	MID	NAG	2	2							
														271	Hiroshi Tsubaki	MID	MAT	2	6.8									271	Fumito Katagiri	FWD	NAG	2	2							
														272	Sanat Barua	MID	MAT	2	6.8									272	Tetsuya Mibu	MID	NAG	2	2							
														273	Tōru Hiraga	MID	MAT	2	6.8									273	Akira Suenaga	GK	CHU	2	2							
														274	Ryōta Miyazawa	MID	MAT	2	6.8									274	Daiki Moriizumi	MID	CHU	2	2							
														275	Minoru Andō	MID	MAT	2	6.8									275	Attila Hegedűs	MID	SHM	2	2							
														276	Niklas Weidmann	DEF	FCH	2	6.8									276	Kazuma Mabuse	MID	SHM	2	2							
														277	Kylian Lefranc	MID	FCH	2	6.8									277	Rasmus Karlssen	FWD	SHM	2	2							
														278	Voptá Hendá	FWD	FCH	2	6.8									278	Shōichi Umeda	GK	MAT	2	2							
														279	Ryōhei Ōtake	DEF	KOS	2	6.8									279	Jatin Sudatta	FWD	MAT	2	2							
														280	Kaname Kuramoto	MID	KOS	2	6.8									280	Ryōta Miyazawa	MID	MAT	2	2							
														281	Katsuyoshi Endō	MID	SPK	2	6.8									281	Niklas Weidmann	DEF	FCH	2	2							
														282	Shigeru Yonekura	MID	ORU	2	6.8									282	Melvyn Raes	MID	FCH	2	2							
														283	Keigo Machida	DEF	ISS	2	6.8									283	Daisuke Unagami	DEF	FCH	2	2							
														284	Kiyoshi Torigoe	MID	ISS	2	6.8									284	Ryōga Ikarashi	FWD	FCH	2	2							
														285	Masaru Jakamarra	MID	ISS	2	6.8									285	Yūma Shindō	FWD	FCH	2	2							
														286	Tamotsu Serizawa	DEF	SHZ	2	6.8									286	Voptá Hendá	FWD	FCH	2	2							
														287	Muzaffer Doğan	DEF	TAK	3	6.8									287	Kenzō Fujinami	GK	KOS	2	2							
														288	Tömörbaatar Ganzorig	DEF	ORU	3	6.8									288	Susumu Kikkawa	DEF	KOS	2	2							
														289	Renshi Kuzuryū	MID	MAK	3	6.8									289	Mizuki Hoshizaki	MID	KOS	2	2							
														290	Yūshin Takamura	MID	MAK	3	6.8									290	Filippo Castiglione	DEF	SPK	2	2							
														291	Masato Hinata	DEF	VIR	4	6.8									291	Sixten Karlsson	MID	SPK	2	2							
														292	Seishirō Amane	DEF	VIR	5	6.8									292	Kōtarō Sakisaka	MID	VIR	2	2							
														293	Tamer Khalil	MID	VIR	5	6.8									293	Olof Sjöberg	DEF	ISS	2	2							
														294	Shinnosuke Hibino	DEF	MRG	1	6.7									294	Od-Erdene Tsakhia	GK	ORU	3	2							
														295	Yūdai Kainuma	DEF	MRG	1	6.7									295	Rikiya Kawashiri	DEF	AYA	3	2							
														296	Sōta Mitsuya	FWD	MRG	1	6.7									296	Ryūnosuke Chimura	GK	MAK	3	2							
														297	Erfan Rastkar	DEF	MRG	1	6.7									297	Eito Dōmeki	MID	MAK	3	2							
														298	Sibö Kurbli	GK	SHR	1	6.7									298	Rúben Guerreiro	FWD	MAK	3	2							
														299	Daichi Nagaoka	MID	SHR	1	6.7									299	Kanata Murakumo	MID	SHZ	4	2							
														300	Kentarō Fukuhara	MID	SHR	1	6.7									300	Tibor Fazékas	MID	AYA	4	2							
														301	Nyilan Shikishima	FWD	SHR	1	6.7									301	Ryūnosuke Tōdō	FWD	VIR	5	2							
														302	Hiro Oshiro	MID	DYM	1	6.7									302	Yūdai Kainuma	DEF	MRG	1	1							
														303	Ryland Nash	FWD	DYM	1	6.7									303	Takeo Kinoshita	DEF	MRG	1	1							
														304	Orkun Çeti̇n	MID	NAG	1	6.7									304	Hayato Sagami	FWD	MRG	1	1							
														305	Cesare Bottinelli	MID	KAN	1	6.7									305	Sōta Mitsuya	FWD	MRG	1	1							
														306	Bhupen Narishita	FWD	SEN	1	6.7									306	Sibö Kurbli	GK	SHR	1	1							
														307	Nikola Vranješ	DEF	SEN	1	6.7									307	Hengbo Liu	DEF	SHR	1	1							
														308	Wahyu Wibowo	MID	SUM	1	6.7									308	Nyilan Shikishima	FWD	SHR	1	1							
														309	Joavnna Gaup	GK	TOY	1	6.7									309	Nirrim Biryara	MID	SHR	1	1							
														310	Kalle Vuorijärvi	DEF	TOY	1	6.7									310	Hiroto Nakatsuka	MID	SHR	1	1							
														311	Issei Kunieda	MID	TOY	1	6.7									311	Parnell Chee	GK	NIK	1	1							
														312	Sélim Bouziane	DEF	SAT	1	6.7									312	Robert Berthold	FWD	NIK	1	1							
														313	Durí Karí	MID	SAT	1	6.7									313	Kenta Wakasugi	MID	NIK	1	1							
														314	Artem Tkachenko	FWD	SAT	1	6.7									314	Niall Kinsella	FWD	NIK	1	1							
														315	Asahi Nishioka	MID	ASH	1	6.7									315	Magnus Andersson	GK	DYM	1	1							
														316	Shin Segawa	DEF	SSK	1	6.7									316	Kengo Okitsu	MID	DYM	1	1							
														317	Makoto Kishima	MID	SSK	1	6.7									317	Ryland Nash	FWD	DYM	1	1							
														318	Tomer Mizrahi	DEF	VAL	1	6.7									318	Octave Desjardins	MID	DYM	1	1							
														319	Panting Jugah	DEF	VAL	1	6.7									319	Ren Ikegami	GK	BGE	1	1							
														320	Ryōsuke Kujiraoka	MID	VAL	1	6.7									320	Orkun Çeti̇n	MID	NAG	1	1							
														321	Takumi Sengoku	MID	VAL	1	6.7									321	Sadao Garabin	MID	KAN	1	1							
														322	Naohisa Isogai	MID	KAM	1	6.7									322	Sōichi Egashira	FWD	KAN	1	1							
														323	Seiya Urabe	FWD	KOS	1	6.7									323	Shigematsu Sato	FWD	KAN	1	1							
														324	Daisuke Imaoka	MID	RYO	2	6.7									324	Cesare Bottinelli	MID	KAN	1	1							
														325	Takahiro Chikaraishi	DEF	IFK	2	6.7									325	Dānilo Pavlović	GK	SEN	1	1							
														326	Shūhei Ozaki	FWD	IFK	2	6.7									326	Sōichirō Miura	DEF	SEN	1	1							
														327	Daiki Moriizumi	MID	CHU	2	6.7									327	Kōsuke Yokomizo	MID	SEN	1	1							
														328	Kōtarō Yanagisawa	FWD	CHU	2	6.7									328	Nikola Vranješ	DEF	SEN	1	1							
														329	Ashim Bhattacharya	GK	SHM	2	6.7									329	Stéphan Konaté	FWD	SEN	1	1							
														330	Attila Hegedűs	MID	SHM	2	6.7									330	Heikki Kovalainen	DEF	SUM	1	1							
														331	Tanvir Howlader	FWD	FCH	2	6.7									331	Heng Kong	DEF	SUM	1	1							
														332	Serafim Correia	MID	ISS	2	6.7									332	Devante Rowley	FWD	SUM	1	1							
														333	Yerrin Chindura	MID	ISS	2	6.7									333	Joavnna Gaup	GK	TOY	1	1							
														334	Yūdai Kaminaga	FWD	ORU	3	6.7									334	Katsumi Enokida	MID	TOY	1	1							
														335	Sotyan Yesugei	MID	ORU	3	6.7									335	Issei Kunieda	MID	TOY	1	1							
														336	Rikiya Kawashiri	DEF	AYA	3	6.7									336	Pedram Nazeri	MID	TOY	1	1							
														337	Constantin Reverdin	FWD	AYA	3	6.7									337	Biret-Ánde Sara	DEF	TOY	1	1							
														338	Mircea Ionescu	MID	SHR	1	6.7									338	Yūgo Arashiyama	GK	SAT	1	1							
														339	Taiga Bashira	FWD	DYM	1	6.7									339	Sélim Bouziane	DEF	SAT	1	1							
														340	Khagendra Mitra	DEF	BGE	1	6.7									340	Fengqi Lu	MID	SAT	1	1							
														341	Yūsuke Konparu	MID	BGE	1	6.7									341	Eliezer Bansa	MID	SAT	1	1							
														342	Sadao Garabin	MID	KAN	1	6.7									342	Séamus Ó'Duinnín	FWD	SAT	1	1							
														343	Kōta Kanazawa	DEF	KAN	1	6.7									343	Durí Karí	MID	SAT	1	1							
														344	Tsuyoshi Mikuriya	DEF	KAN	1	6.7									344	Artem Tkachenko	FWD	SAT	1	1							
														345	Haripada Bagchi	MID	SEN	1	6.7									345	Merkurios Kudanbes	DEF	ASH	1	1							
														346	Nyunda Yiribaru	MID	SHM	1	6.7									346	Tomoki Iwabuchi	FWD	ASH	1	1							
														347	Niccolò Donizetti	MID	SUM	1	6.7									347	Radosław Gołębiowski	FWD	ASH	1	1							
														348	Fengqi Lu	MID	SAT	1	6.7									348	Gergő Tóth	MID	SSK	1	1							
														349	Sōshi Nagumo	MID	SAT	1	6.7									349	Sōtarō Nagata	MID	SSK	1	1							
														350	Siim Kallasmaa	MID	SAT	1	6.7									350	Kenji Nagase	FWD	SSK	1	1							
														351	Percival Graves	MID	ASH	1	6.7									351	Ryōsuke Kujiraoka	MID	VAL	1	1							
														352	Ayumu Shikano	FWD	VAL	1	6.7									352	Takumi Sengoku	MID	VAL	1	1							
														353	Tsubasa Takanashi	DEF	NAG	1	6.7									353	Tomohiro Arimatsu	FWD	VAL	1	1							
														354	Ryūji Sakanoue	MID	CHU	2	6.7									354	Naoki Arimoto	MID	KAM	1	1							
														355	Shinji Kawarabuki	MID	SHM	2	6.7									355	Kōtarō Unno	FWD	KAM	1	1							
														356	Shin'ya Fuchigami	FWD	SHM	2	6.7									356	Takamasa Hida	MID	KAM	1	1							
														357	Melvyn Raes	MID	FCH	2	6.7									357	Tsubasa Takanashi	DEF	NAG	1	1							
														358	Daisuke Unagami	DEF	FCH	2	6.7									358	Ren Sasaoka	MID	RYO	2	1							
														359	Robert Schlösser	FWD	FCH	2	6.7									359	Itsuki Goto	FWD	RYO	2	1							
														360	Daigo Takanashi	DEF	SPK	2	6.7									360	Kaito Ōkawara	FWD	RYO	2	1							
														361	Kōtarō Sakisaka	MID	VIR	2	6.7									361	Yūma Hayami	FWD	IFK	2	1							
														362	Eeriks Uđđi	MID	MAK	3	6.7									362	Baluk Cheraga	DEF	IFK	2	1							
														363	Vladimír Králik	DEF	MAK	3	6.7									363	Kōhei Sahara	FWD	IFK	2	1							
														364	Tōru Chikuami	DEF	TAK	4	6.7									364	Ganzorig Erdene	FWD	ORU	2	1							
														365	Trygve Ødegaard	MID	TAK	4	6.7									365	Ryūji Sakanoue	MID	CHU	2	1							
														366	Kanata Murakumo	MID	SHZ	4	6.7									366	Kōtarō Yanagisawa	FWD	CHU	2	1							
														367	Hiroto Nakatsuka	MID	SHR	1	6.6									367	Ashim Bhattacharya	GK	SHM	2	1							
														368	Kengo Okitsu	MID	DYM	1	6.6									368	Shin'ya Fuchigami	FWD	SHM	2	1							
														369	Genzō Ariyoshi	DEF	BGE	1	6.6									369	Sōta Mizoguchi	FWD	MAT	2	1							
														370	Stéphan Konaté	FWD	SEN	1	6.6									370	Kylian Lefranc	MID	FCH	2	1							
														371	Bence Zsolnay	DEF	SUM	1	6.6									371	Robert Schlösser	FWD	FCH	2	1							
														372	Eisaku Inubuse	DEF	TOY	1	6.6									372	Jordan Stanford	GK	SPK	2	1							
														373	Séamus Ó'Duinnín	FWD	SAT	1	6.6									373	Katsuyoshi Endō	MID	SPK	2	1							
														374	Sōta Kuribayashi	GK	ASH	1	6.6									374	Kyōsuke Komine	FWD	ISS	2	1							
														375	Radosław Gołębiowski	FWD	ASH	1	6.6									375	Tamotsu Serizawa	DEF	SHZ	2	1							
														376	Naoki Arimoto	MID	KAM	1	6.6									376	Constantin Reverdin	FWD	AYA	3	1							
														377	József Antall	FWD	NAG	2	6.6									377	Kouki Totsuka	FWD	MAK	3	1							
														378	Kazuma Mabuse	MID	SHM	2	6.6									378	Kōhei Asamura	FWD	MAK	3	1							
														379	Hiroto Umezawa	MID	KOS	2	6.6																					
														380	Rúben Guerreiro	FWD	MAK	3	6.6																					
														381	Ander Zubikarai	FWD	MAK	3	6.6																					
														382	Ryōta Ibara	FWD	SHZ	3	6.6																					
														383	Ryūnosuke Tōdō	FWD	VIR	5	6.6																					
														384	Takeo Kinoshita	DEF	MRG	1	6.5																					
														385	Nirrim Biryara	MID	SHR	1	6.5																					
														386	Pradip Chowdhury	FWD	SHR	1	6.5																					
														387	Robert Berthold	FWD	NIK	1	6.5																					
														388	Kenta Wakasugi	MID	NIK	1	6.5																					
														389	Magnus Andersson	GK	DYM	1	6.5																					
														390	Devante Rowley	FWD	SUM	1	6.5																					
														391	Daichi Komatsubara	MID	SUM	1	6.5																					
														392	Biret-Ánde Sara	DEF	TOY	1	6.5																					
														393	Celestino Fiorentini	DEF	VAL	1	6.5																					
														394	Naoto Soejima	DEF	RYO	2	6.5																					
														395	Kaito Ōkawara	FWD	RYO	2	6.5																					
														396	Kōhei Sahara	FWD	IFK	2	6.5																					
														397	Valente Pantuso	DEF	NAG	2	6.5																					
														398	Makoto Sugisaki	MID	SHM	2	6.5																					
														399	Jatin Sudatta	FWD	MAT	2	6.5																					
														400	Emil Hansen	DEF	FCH	2	6.5																					
														401	Yūma Shindō	FWD	FCH	2	6.5																					
														402	Takanori Kajiwara	MID	ISS	2	6.5																					
														403	Ryūnosuke Chimura	GK	MAK	3	6.5																					
														404	Gabriel Beauchêne	MID	VIR	4	6.5																					
														405	Masaharu Kawabata	DEF	MRG	1	6.5																					
														406	Teppei Motohashi	DEF	DYM	1	6.5																					
														407	Shōgo Togashi	FWD	TOY	1	6.5																					
														408	Sepideh Shakibaii	FWD	TOY	1	6.5																					
														409	Eliezer Bansa	MID	SAT	1	6.5																					
														410	Tomoki Iwabuchi	FWD	ASH	1	6.5																					
														411	Seishirō Ōkubo	GK	VAL	1	6.5																					
														412	Od-Erdene Tsakhia	GK	ORU	3	6.5																					
														413	Guowei Sun	FWD	BGE	1	6.4																					
														414	Zvonimir Pašalić	MID	SAT	1	6.4																					
														415	Tōichirō Kaneshiro	FWD	ASH	1	6.4																					
														416	Phong Le	FWD	VAL	1	6.4																					
														417	Cory Gallegos	MID	VAL	1	6.4																					
														418	Thibault Verschueren	FWD	KAM	1	6.4																					
														419	Shigematsu Sato	FWD	KAN	1	6.3																					
														420	Miika Kyllönen	DEF	SUM	1	6.3																					
														421	Noriyuki Kiriyama	FWD	SSK	1	6.3																					
														422	Daigo Fukamachi	DEF	SHM	1	6.3																					
														423	Nicolas Bellamy	DEF	ISS	2	6.3																					
														424	Olof Sjöberg	DEF	ISS	2	6.3																					
														425	Ákos Tolvaj	FWD	SEN	1	6.1																					
														426	Unai Izagirre	GK	KAM	1	6.1																					
														427	Heikki Kovalainen	DEF	SUM	1	5.8																					
														428	Heng Kong	DEF	SUM	1	5.4																					
